,owner,driven km,transmission,fuel,body type,engine cc,max power bhp,wheel size inches,no of seats,mileage kmpl,price in rupee,purchase year,company
0,2,120000,0,1,1,1199,74,15,5,22.0,270000,2012,0
1,1,8000,0,2,2,1497,113,16,5,16.8,1215000,2020,1
2,1,45000,0,1,3,1498,99,15,5,26.0,900000,2017,2
3,1,66000,0,1,1,1199,75,14,5,15.9,350000,2012,3
4,1,39000,0,1,3,1598,103,15,5,20.5,360000,2013,0
5,1,52072,0,2,3,1395,138,16,5,16.8,689991,2015,3
6,1,65000,1,2,3,2494,158,17,5,19.1,2200000,2017,4
7,1,50000,1,1,3,1968,177,17,5,16.6,1776500,2014,5
8,1,42000,1,2,3,5461,368,18,5,7.8,1999000,2010,6
9,1,59000,1,1,2,2477,175,17,5,11.5,1385000,2015,7
10,1,20000,0,2,3,1194,95,15,5,19.1,519999,2019,8
11,1,10374,0,2,3,1197,82,15,5,20.5,699000,2020,1
12,1,57000,1,1,3,1968,141,16,5,19.3,1295000,2017,3
13,1,53000,0,1,3,1497,117,15,5,17.8,500000,2015,2
14,1,46000,0,1,3,1498,99,15,5,26.0,935000,2018,2
15,1,42000,0,1,2,1461,108,16,5,19.6,500000,2015,9
16,1,2500,0,1,3,1364,87,15,5,18.4,725000,2012,4
17,1,30000,0,1,4,2393,148,16,7,15.1,1080000,2016,4
18,2,28000,1,1,3,2993,262,17,5,11.1,3604000,2015,10
19,1,38000,0,1,3,1497,117,15,5,17.8,650000,2016,2
20,1,38000,0,1,4,1498,98,15,7,24.5,535000,2014,2
21,1,58000,0,1,2,1498,110,15,5,18.8,865000,2018,8
22,1,49000,1,2,2,2398,187,17,5,8.7,685000,2012,2
23,1,9000,0,2,4,1462,103,15,6,18.0,989999,2020,11
24,1,35000,0,1,4,1497,121,16,8,17.6,1292600,2019,12
25,1,31844,0,1,3,1248,88,15,5,26.2,599991,2016,11
26,1,11000,0,2,1,1197,81,14,5,18.9,429999,2017,1
27,1,41000,0,1,2,1498,110,15,5,18.8,653000,2016,8
28,1,38000,0,1,3,1968,138,16,5,19.3,438000,2012,0
29,1,23000,0,1,2,1461,108,16,5,19.6,550000,2014,9
30,1,55000,1,2,2,1991,194,17,5,13.5,5000000,2020,6
31,1,4800,0,1,4,2755,172,16,7,14.2,2500000,2019,4
32,1,4500,0,2,1,1197,83,14,5,20.4,600000,2015,11
33,1,5500,0,2,1,1197,82,14,5,18.6,800000,2017,1
34,1,21000,0,1,3,1248,74,14,5,28.4,710000,2018,11
35,1,25000,0,1,1,1396,89,14,5,22.5,549529,2015,1
36,1,64533,0,1,2,2982,169,17,5,11.9,1775000,2014,4
37,1,12000,1,1,3,2143,170,17,5,19.2,4391000,2020,6
38,2,53000,0,2,1,1198,74,15,5,16.0,475000,2015,0
39,1,65000,0,1,4,2393,148,16,7,15.1,1550000,2017,4
40,1,58965,1,1,2,2755,174,18,7,14.2,2800000,2015,4
41,1,48633,1,1,2,2982,169,17,5,12.5,1775000,2014,4
42,2,65890,1,1,2,2982,169,17,5,12.5,1775000,2014,4
43,1,7300,1,1,2,1950,192,18,5,18.1,6386000,2020,6
44,1,28000,0,2,1,999,67,13,5,23.0,235000,2016,9
45,2,26118,0,2,3,1497,117,15,5,17.4,615000,2015,2
46,1,8475,1,2,2,1199,118,16,5,16.0,1197249,2020,13
47,2,59000,0,2,3,1599,103,14,5,10.7,210000,2007,1
48,2,77000,1,2,1,1197,80,13,5,17.0,350000,2011,1
49,1,18000,0,2,2,998,118,16,5,18.2,1200000,2019,1
50,1,58000,0,1,1,1248,74,14,5,25.2,625000,2017,11
51,1,92000,0,2,1,796,47,12,5,19.7,160000,2010,11
52,1,55000,0,1,3,1248,74,14,5,26.5,450000,2016,11
53,1,31650,0,1,3,1248,88,15,5,28.0,675000,2016,11
54,2,71000,1,2,3,1497,117,15,5,18.0,525000,2013,2
55,1,25000,0,2,1,1197,83,15,5,21.4,674000,2020,11
56,1,20000,0,1,2,2498,105,16,6,13.0,927000,2019,12
57,1,35000,0,2,1,1198,87,14,5,18.9,450000,2017,2
58,1,16845,1,2,3,1497,113,16,5,18.4,1391501,2020,1
59,1,37498,0,1,2,1493,114,17,5,20.0,1507030,2019,14
60,1,65000,1,1,2,2982,169,17,7,12.5,2650000,2017,4
61,1,56000,0,2,1,1197,81,14,5,19.7,670000,2019,1
62,1,65000,0,3,1,998,58,13,5,26.6,300000,2014,11
63,1,65000,0,3,1,998,58,13,5,26.6,224000,2011,11
64,1,75000,0,3,1,998,58,13,5,26.6,211000,2010,11
65,1,50000,1,1,2,2993,258,18,5,15.9,3727000,2015,10
66,1,23000,1,2,3,1591,121,16,5,17.4,600000,2016,1
67,1,62000,0,1,3,1248,74,14,5,28.4,556000,2017,11
68,1,24000,0,1,3,1248,89,15,5,28.0,953000,2019,11
69,1,45000,0,2,1,1197,83,16,5,21.4,490000,2016,11
70,1,39000,0,1,3,1248,89,16,5,28.0,850000,2017,11
71,1,41353,0,2,1,998,67,13,5,23.0,495000,2019,11
72,1,43000,0,2,1,796,48,12,5,24.7,224000,2014,11
73,1,6162,0,2,1,1197,83,14,5,20.4,449000,2014,11
74,1,31000,1,1,2,2755,174,18,7,14.2,3450000,2019,4
75,1,40000,1,1,2,2755,174,18,7,14.2,2913000,2018,4
76,1,58011,0,2,1,1086,68,13,5,19.8,310000,2013,1
77,1,1200,0,1,1,1498,89,15,5,20.0,670000,2018,0
78,1,2400,0,1,3,1248,88,15,5,20.6,571000,2017,13
79,1,38000,1,1,3,2993,258,18,5,14.6,2558000,2015,10
80,1,45800,0,1,4,2393,148,16,7,15.1,2750000,2019,4
81,1,45688,0,1,4,2393,148,16,7,15.1,2475000,2018,4
82,1,30000,0,1,4,2393,148,16,8,15.1,1213000,2017,4
83,1,35633,0,2,2,1462,103,16,5,17.0,1425000,2020,11
84,1,78950,1,1,3,2143,134,17,5,17.9,2295000,2016,6
85,1,58000,0,2,3,1591,121,16,5,17.4,925000,2017,1
86,1,28000,0,2,3,1591,121,16,5,17.4,608000,2017,1
87,1,40481,0,1,3,1248,89,15,5,28.0,725000,2017,11
88,1,42245,0,1,1,1248,74,14,5,28.4,625000,2019,11
89,1,9252,0,2,3,1462,103,15,5,21.5,875000,2019,11
90,1,29833,0,2,3,1197,82,14,2,19.1,515000,2018,1
91,1,2400,0,2,1,1198,74,15,5,16.0,473000,2017,0
92,1,33000,0,1,1,1498,89,15,5,20.0,682000,2019,0
93,1,6014,0,2,1,1197,88,16,5,21.0,875000,2021,4
94,1,34000,1,1,2,2755,174,18,7,14.2,2575000,2017,4
95,1,60000,1,1,2,1582,126,17,5,17.1,1150000,2018,1
96,1,19014,1,2,2,1591,122,17,5,15.2,1385000,2019,1
97,1,45000,0,1,4,2393,148,17,7,15.1,1705000,2017,4
98,1,45100,1,2,2,1591,122,16,5,15.2,1050000,2017,1
99,1,70000,1,1,2,2477,176,17,5,11.5,1290000,2015,7
100,1,53000,0,1,1,1498,98,14,5,27.3,550000,2016,2
101,1,48000,0,2,3,2354,180,16,5,7.6,410000,2010,2
102,1,39900,1,2,3,1798,177,16,5,14.7,840000,2015,3
103,2,84000,0,2,3,1497,78,14,5,12.8,180000,2008,2
104,1,55000,0,2,1,1197,83,16,5,21.4,440000,2015,11
105,1,35633,0,1,3,1582,126,16,5,24.8,1525000,2019,1
106,1,55635,1,1,2,2967,241,17,5,12.3,3775000,2016,5
107,1,57000,1,1,3,2143,134,17,5,17.9,2266000,2016,6
108,1,9000,1,1,3,2993,265,18,5,15.6,5459000,2019,10
109,1,70000,0,2,1,1197,80,14,5,12.4,249000,2012,1
110,1,39000,0,1,5,1598,118,16,5,22.0,915000,2018,11
111,1,11000,0,1,5,1248,88,16,5,24.0,602000,2016,11
112,1,11000,0,1,4,1498,98,15,7,24.5,568000,2015,2
113,1,25014,0,1,1,1248,74,15,5,27.3,821000,2019,11
114,2,78000,1,1,3,1968,141,15,5,18.0,750000,2011,5
115,2,58000,0,1,1,1198,88,15,5,20.0,290000,2013,0
116,1,18465,0,2,1,1197,83,16,5,21.4,841157,2019,11
117,1,32500,0,1,1,1047,69,14,5,27.2,435000,2017,13
118,1,20014,0,2,4,1462,103,15,5,19.3,980000,2019,11
119,1,7000,1,1,2,2184,130,18,4,16.5,2025000,2021,12
120,1,50900,0,2,1,1197,81,14,5,18.9,420000,2015,1
121,1,24000,1,1,3,1968,141,16,5,19.5,2823000,2020,3
122,1,19658,0,2,2,1497,113,16,5,16.8,1083000,2021,1
123,3,115000,1,2,2,2995,335,20,5,12.6,5000000,2018,15
124,1,45000,0,1,4,2393,148,16,8,15.1,1766000,2018,4
125,1,40014,0,1,2,2179,120,17,7,16.3,1100000,2017,12
126,1,1100,0,1,1,1248,74,14,5,25.2,454000,2016,11
127,1,21000,0,1,5,1598,118,16,5,22.0,862000,2018,11
128,1,24000,0,2,3,1373,91,15,5,20.7,657000,2018,11
129,1,32014,0,1,2,2179,120,17,7,16.3,1100000,2017,12
130,1,40014,0,1,5,1248,88,16,5,24.0,745000,2017,11
131,1,88500,0,1,2,1461,83,16,5,20.5,499000,2014,16
132,3,110000,0,1,2,2755,174,17,7,14.2,1250000,2014,4
133,2,145000,0,1,4,2494,102,15,5,11.4,565000,2010,4
134,2,80000,0,2,1,1197,85,14,5,18.5,350000,2016,11
135,1,115000,0,1,1,1248,73,14,5,23.2,349000,2015,11
136,1,24950,1,2,1,1197,83,15,5,21.4,699000,2018,11
137,1,3500,1,1,2,2755,174,18,7,14.2,4000000,2018,4
138,1,5000,0,2,6,1196,73,13,5,16.2,500000,2018,11
139,1,4000,0,2,3,1198,87,14,5,17.8,700000,2018,2
140,1,8000,1,2,1,1197,82,15,5,20.8,700000,2019,11
141,1,24000,1,1,3,2143,134,17,5,17.9,2998689,2018,6
142,1,85000,0,2,1,1197,80,14,5,12.4,300000,2012,1
143,1,11000,1,2,1,999,67,13,5,22.5,350000,2018,17
144,2,190000,1,1,2,2982,169,17,5,12.5,1300000,2013,4
145,2,170000,0,1,2,2982,169,17,5,11.9,680000,2009,4
146,1,65000,0,1,3,1248,74,14,5,26.5,920000,2015,11
147,1,65000,0,1,3,1248,88,15,5,28.0,920000,2015,11
148,1,58188,0,2,1,1199,84,13,5,23.8,365000,2017,13
149,2,65000,0,1,3,1498,99,15,5,26.0,520000,2014,2
150,2,75600,0,2,1,1198,87,14,5,18.7,350000,2012,2
151,1,52412,0,3,1,796,40,12,5,33.4,285000,2016,11
152,1,58000,1,2,1,998,67,13,5,23.0,390000,2014,11
153,1,60000,0,1,2,2498,105,16,5,13.0,565000,2015,12
154,1,88500,0,1,3,1582,126,16,5,22.3,510000,2012,1
155,1,58633,0,1,1,1368,98,14,5,18.6,775000,2014,1
156,1,18200,1,1,3,2993,262,19,4,11.1,7467500,2016,10
157,1,48699,0,2,3,1197,83,14,5,20.8,625000,2014,11
158,1,32600,1,1,2,2993,258,18,5,15.9,7107000,2019,10
159,1,12000,1,1,3,2993,262,19,4,11.1,9785000,2018,10
160,1,65000,0,1,2,1396,88,16,5,21.3,1075000,2017,1
161,1,69227,0,1,1,1248,74,14,5,25.2,550000,2014,11
162,1,99498,0,1,3,1498,99,14,5,25.8,520000,2016,2
163,1,25000,1,1,2,1998,148,18,7,16.2,2677697,2018,3
164,1,58000,0,2,1,998,67,13,5,24.0,275000,2013,11
165,1,45000,0,2,1,1197,80,13,5,20.0,280000,2013,1
166,1,42781,1,2,3,1798,170,16,5,18.7,1250000,2011,5
167,1,25000,0,1,3,1582,126,16,5,22.3,661000,2016,1
168,1,39000,0,1,1,1248,74,14,5,25.2,490000,2014,11
169,1,53200,0,1,2,2179,140,17,5,14.0,920000,2013,12
170,1,63000,0,1,3,1248,74,14,5,14.0,251000,2010,11
171,1,21000,0,2,1,998,61,13,5,14.4,151000,2009,11
172,1,51000,0,2,1,1197,83,16,5,21.4,489000,2016,11
173,1,27000,0,1,2,1396,88,16,5,21.3,883000,2017,1
174,1,45000,0,1,4,2393,148,16,8,15.1,1698000,2019,4
175,1,45322,1,1,2,2755,174,18,7,14.2,3875000,2019,4
176,1,30000,1,1,3,2143,134,17,5,17.9,2927000,2018,6
177,1,55865,0,1,2,2835,118,15,5,13.5,925000,2008,7
178,1,45000,0,2,1,1197,83,16,5,21.4,562000,2017,11
179,1,40255,0,2,3,1197,83,14,5,22.0,451000,2012,11
180,1,43620,0,2,1,1197,79,14,5,17.7,415000,2015,4
181,1,37415,0,1,1,1396,89,14,5,22.5,675000,2018,1
182,1,68000,0,2,1,1086,68,13,5,19.8,225000,2012,1
183,1,37000,1,2,3,1798,177,17,5,14.7,1700000,2016,3
184,1,861,0,2,1,1197,82,15,5,20.8,635000,2021,11
185,1,55000,0,1,3,1248,74,14,5,14.0,352000,2013,11
186,1,11000,0,2,2,1497,113,16,5,16.8,1250000,2020,1
187,1,28000,0,2,1,1197,83,15,5,21.4,590000,2018,11
188,1,1000,0,1,4,1498,98,15,7,24.5,497000,2014,2
189,3,75000,0,2,3,1498,99,15,5,26.0,250000,2009,2
190,1,78000,0,1,2,2199,194,18,7,14.7,1095000,2014,1
191,1,31000,1,1,3,2143,204,17,5,14.2,1550000,2013,6
192,1,438000,1,1,3,1995,190,18,5,18.4,825000,2010,10
193,1,53000,1,1,3,1968,141,16,5,16.5,1184500,2012,5
194,1,28000,1,1,3,1995,184,17,5,18.4,2987000,2016,10
195,1,36000,1,1,3,2143,134,17,5,17.9,2266000,2016,6
196,1,17000,1,1,3,2143,204,17,5,19.7,1163000,2011,6
197,1,79000,1,2,3,1497,117,15,5,18.0,500000,2012,2
198,1,60270,0,2,3,1591,121,16,5,17.4,650000,2015,1
199,1,37515,1,2,3,1197,82,14,5,22.0,620000,2017,11
200,1,28638,0,1,2,2179,153,17,7,16.0,1956000,2019,12
201,1,25000,0,1,2,1396,89,16,5,21.3,975000,2018,1
202,1,35622,0,1,3,1582,126,16,5,25.0,1625000,2019,1
203,1,47403,0,2,1,999,67,13,5,22.5,229000,2017,17
204,1,14228,1,1,1,2143,134,16,4,16.0,2600000,2019,6
205,1,23000,0,2,1,1197,82,15,5,21.0,650000,2020,11
206,1,58000,1,1,2,2179,140,17,7,13.8,950000,2017,12
207,4,70000,0,1,3,1968,138,16,5,19.3,250000,2010,0
208,1,58000,0,1,2,1461,108,16,5,19.6,611000,2015,9
209,1,75000,1,1,2,2199,194,18,7,14.7,985000,2014,1
210,2,86000,0,1,2,2179,148,16,5,13.9,490000,2015,13
211,1,18000,1,2,2,1591,122,16,5,15.2,940000,2016,1
212,1,58000,0,2,1,995,63,13,5,13.0,175000,2012,18
213,1,65355,0,1,4,2494,102,15,5,11.4,1175000,2014,4
214,1,700,0,2,2,998,118,16,5,18.2,945000,2019,1
215,1,20000,1,1,2,2143,134,18,5,17.9,2600000,2018,6
216,1,20000,0,1,1,936,57,14,5,25.4,160000,2011,18
217,1,40000,1,1,2,1968,174,16,5,15.7,2665000,2016,5
218,1,25366,0,1,3,1248,74,14,5,28.4,975000,2018,11
219,1,25000,1,1,2,2993,258,18,5,15.3,3728000,2015,10
220,1,15000,1,1,3,1995,184,17,5,18.4,3542000,2016,10
221,1,45000,1,1,2,2755,174,18,7,14.2,2575000,2017,4
222,1,56000,0,1,1,1396,89,14,5,22.5,750000,2019,1
223,1,71000,1,1,2,1968,184,17,5,15.7,1650000,2014,5
224,1,2100,0,2,3,1591,121,16,5,17.4,417000,2013,1
225,1,25119,0,2,3,1598,103,15,5,16.0,600000,2018,0
226,1,37564,0,2,1,1197,81,14,5,18.9,385000,2016,1
227,1,38000,0,1,1,1248,74,14,5,25.2,205000,2010,11
228,1,89000,1,1,2,1582,126,17,5,17.1,987000,2017,1
229,1,25000,0,1,3,1461,84,14,5,22.7,547000,2018,16
230,1,25000,0,1,3,1248,74,15,5,28.4,657000,2018,11
231,1,5900,0,2,1,1197,82,14,5,20.7,800000,2020,1
232,1,19000,1,2,1,1197,81,14,5,20.7,699000,2019,1
233,1,40181,0,2,2,1582,122,17,5,15.2,865000,2016,1
234,2,75000,0,1,2,2179,120,17,7,16.3,1150000,2017,12
235,1,50181,0,1,2,2523,75,15,5,16.1,594000,2015,12
236,1,61500,0,1,2,1498,110,15,5,18.8,875000,2018,8
237,1,17000,1,2,1,1197,83,15,5,21.4,759000,2019,11
238,1,65000,0,1,1,1248,74,14,5,25.2,500000,2019,11
239,1,7700,1,2,1,998,67,14,5,20.5,559000,2019,11
240,1,29650,0,2,3,1198,89,14,5,19.5,625000,2018,2
241,1,55000,0,1,4,2393,148,16,7,15.1,1820000,2016,4
242,1,2000,1,1,3,1995,184,17,5,18.8,2100000,2013,10
243,1,50000,1,1,3,2143,134,17,5,17.9,1636000,2013,6
244,3,127000,1,1,3,2987,282,18,5,13.5,8000000,2018,6
245,1,5000,0,1,4,2393,148,16,7,15.1,3000000,2019,4
246,1,5700,1,1,2,2755,174,18,7,14.2,4000000,2018,4
247,1,5800,1,2,3,1991,184,17,5,12.0,5000000,2018,6
248,1,5500,0,1,4,2393,148,16,7,15.1,2000000,2018,4
249,1,8000,1,1,2,2755,174,18,7,14.2,4000000,2018,4
250,1,5900,1,1,2,2755,174,18,7,14.2,4000000,2018,4
251,1,5400,1,1,2,2755,174,18,7,14.2,4000000,2018,4
252,1,5000,1,1,2,2755,174,18,7,14.2,4000000,2018,4
253,1,18575,0,2,1,1197,88,16,5,21.0,760000,2020,4
254,1,44000,0,2,1,1086,63,13,5,12.8,100000,2006,1
255,1,12000,1,2,3,1991,184,17,5,12.0,4116000,2018,6
256,1,19857,1,2,1,1198,89,15,5,18.7,879000,2020,2
257,1,9800,1,1,4,2755,172,17,7,14.2,2500000,2016,4
258,1,41049,1,2,3,1797,147,16,5,16.3,850000,2015,1
259,1,75661,0,1,4,2494,100,15,5,12.9,901000,2014,4
260,1,62997,1,2,2,1499,110,15,5,18.8,613000,2014,8
261,1,70000,0,1,1,936,57,14,5,25.4,201000,2011,18
262,2,41496,0,1,3,1461,84,14,5,22.7,304000,2012,16
263,1,64000,0,2,3,1799,130,15,5,14.8,438000,2011,2
264,1,74378,1,2,3,1799,130,15,5,14.8,355500,2010,2
265,1,42000,1,1,2,2755,174,18,7,14.2,3154000,2018,4
266,1,4800,0,1,4,2393,148,16,7,15.1,2500000,2020,4
267,1,5000,1,1,2,2755,174,18,7,14.2,4500000,2020,4
268,1,5000,1,1,2,2755,174,18,7,14.2,4500000,2020,4
269,1,5000,1,1,2,1996,168,18,7,12.4,4500000,2021,8
270,1,4500,0,1,4,2393,148,16,7,15.1,2500000,2020,4
271,1,25000,1,1,3,1950,192,17,5,12.0,7000000,2020,6
272,1,17572,0,2,1,799,53,13,5,25.1,304000,2017,9
273,1,32261,0,1,1,1248,74,15,5,26.8,540700,2017,11
274,1,50000,0,1,2,2179,148,16,5,14.0,1000000,2017,13
275,1,60000,0,2,1,1197,82,14,5,22.0,700000,2018,11
276,1,60000,0,2,3,1197,83,14,5,22.0,400000,2010,11
277,1,50000,0,2,1,1086,63,13,5,12.8,200000,2005,1
278,1,23000,1,1,2,1995,190,18,5,18.5,4892000,2019,10
279,1,50000,0,1,2,2982,169,17,5,11.9,1200000,2011,4
280,1,23322,0,2,1,1086,68,13,5,20.3,530500,2019,1
281,1,60000,0,2,1,1086,68,13,5,19.8,147000,2009,1
282,1,50000,0,1,3,1248,88,15,5,21.2,500000,2013,13
283,1,50000,0,1,3,1248,74,14,5,26.5,700000,2015,11
284,1,26120,0,2,5,1197,82,16,5,17.1,613000,2016,1
285,1,18358,0,2,2,1582,122,17,5,15.2,1261750,2019,1
286,1,50000,0,2,1,1197,83,14,5,20.4,400000,2010,11
287,1,50000,0,2,1,1197,83,14,5,20.4,300000,2007,11
288,1,50000,0,2,3,1497,117,15,5,17.8,800000,2014,2
289,1,50000,0,1,2,1582,126,17,5,19.6,1800000,2019,1
290,1,40000,1,1,2,2755,174,18,7,14.2,3178000,2018,4
291,1,50000,0,1,1,1248,74,14,5,25.2,400000,2012,11
292,1,41647,1,1,3,1582,126,16,5,22.5,891000,2015,1
293,1,35000,0,1,1,1248,74,14,5,28.4,800000,2018,11
294,1,19000,1,2,3,1497,117,15,5,18.0,952700,2017,2
295,1,21266,0,2,3,1373,91,16,5,20.7,757000,2017,11
296,1,50000,0,2,1,1197,80,13,5,20.0,400000,2013,1
297,1,50000,0,2,3,1799,130,15,5,14.8,300000,2007,2
298,1,50000,0,1,4,1497,121,16,8,17.6,1500000,2018,12
299,1,32605,1,2,2,1499,110,15,5,18.8,772500,2016,8
300,1,62193,1,2,3,1798,177,16,5,14.7,788000,2014,3
301,1,50000,0,1,1,1248,74,14,5,25.2,600000,2016,11
302,1,50000,0,2,1,1061,64,13,5,11.0,300000,2006,11
303,1,50000,0,1,4,1248,89,15,7,24.5,900000,2017,11
304,1,50000,0,2,3,1497,117,15,5,17.8,900000,2016,2
305,1,40178,1,1,2,2179,147,17,5,12.3,1663291,2011,15
306,1,49000,1,1,3,1968,141,16,5,20.3,1650000,2015,5
307,1,12455,0,1,2,1493,113,17,5,21.4,1659000,2020,1
308,1,89000,0,1,3,1896,105,15,5,12.6,475000,2011,3
309,1,97565,0,1,2,1499,110,15,5,18.8,590000,2015,8
310,1,1200,0,1,2,2498,105,16,5,13.0,942000,2018,12
311,1,43000,1,2,3,1798,177,17,5,14.7,1920000,2017,3
312,1,42000,1,2,1,999,53,13,5,25.1,310000,2018,9
313,1,18000,0,2,1,999,70,13,5,25.1,325000,2017,9
314,1,83000,1,1,3,2143,170,16,5,19.2,1300000,2012,6
315,1,34000,0,2,2,1497,121,16,5,17.0,825000,2019,8
316,1,65000,0,1,2,1498,110,15,5,18.8,772500,2016,8
317,1,77000,0,1,4,1248,76,14,8,18.2,349000,2014,18
318,3,80000,0,3,3,1399,94,14,5,11.9,135000,2011,18
319,1,51000,1,2,3,2494,158,17,5,19.1,2880000,2018,4
320,2,14000,1,2,2,2694,164,17,7,10.2,2980000,2018,4
321,3,75000,0,2,3,1496,90,14,5,17.5,199000,2011,4
322,2,150000,0,1,4,2494,100,15,5,12.9,540750,2012,4
323,1,87000,0,2,6,1196,73,13,5,16.2,250000,2010,11
324,1,35959,0,2,1,998,67,13,5,24.0,400000,2018,11
325,1,120435,0,1,3,1364,68,14,5,18.0,390000,2011,4
326,1,42831,0,2,1,1198,74,15,5,16.0,535000,2014,0
327,1,25506,0,2,1,814,55,12,5,21.1,250000,2015,1
328,1,80000,0,2,2,1591,122,16,5,15.2,900000,2016,1
329,1,5400,0,1,4,2393,148,16,7,15.1,2500000,2019,4
330,1,60018,1,1,2,1968,174,16,5,15.7,1885000,2014,5
331,2,58000,0,2,1,1197,80,13,5,20.0,257500,2012,1
332,1,58000,0,2,2,1591,122,16,5,15.2,844600,2015,1
333,1,66500,0,1,1,1248,74,14,5,25.2,360500,2012,11
334,1,9000,0,2,1,999,67,13,5,23.0,412000,2017,9
335,1,12000,0,2,1,1197,89,16,5,23.8,772500,2019,4
336,1,110000,0,1,4,2494,100,15,5,12.9,850000,2015,4
337,1,55000,0,1,1,1248,74,15,5,27.3,475000,2017,11
338,1,100000,1,1,3,2993,258,18,5,14.6,1600000,2012,10
339,1,67000,0,2,1,796,48,12,5,24.7,250000,2015,11
340,1,25414,0,2,2,1591,122,17,5,15.2,1085872,2016,1
341,1,19856,1,2,7,1991,255,17,4,17.9,4998896,2019,6
342,1,33000,1,2,3,1197,82,14,5,22.0,625000,2017,11
343,1,59000,0,1,1,1248,74,15,5,27.3,575000,2016,11
344,1,5800,1,1,2,2755,174,18,7,14.2,4000000,2018,4
345,1,5900,0,1,4,2393,148,16,7,15.1,2500000,2018,4
346,1,8000,1,1,2,2755,174,18,7,14.2,4000000,2018,4
347,1,33000,0,2,1,998,67,13,5,20.5,396550,2018,11
348,1,68000,0,2,3,1497,117,15,5,17.8,360500,2011,2
349,1,5000,1,1,2,2755,174,18,7,14.2,4500000,2019,4
350,1,5000,1,1,2,3198,197,18,7,10.7,4500000,2019,8
351,1,25000,1,1,3,1995,188,18,5,22.4,6000000,2019,10
352,1,50000,1,2,3,1991,194,17,5,12.0,8000000,2021,6
353,1,8800,1,2,3,1999,197,17,5,13.0,4000000,2018,19
354,1,5900,1,1,2,2755,174,18,7,14.2,4000000,2018,4
355,1,8000,1,1,2,1995,177,17,5,15.0,3500000,2019,10
356,1,5200,1,1,2,3198,197,18,7,10.7,4500000,2019,8
357,1,7700,1,1,2,2755,174,18,7,14.2,4500000,2019,4
358,1,4800,1,1,2,2755,174,18,7,14.2,4500000,2019,4
359,1,5800,1,1,4,2755,172,17,7,14.2,3200000,2019,4
360,1,50000,0,1,2,1396,88,16,5,21.3,730000,2017,1
361,1,8000,1,1,2,2755,174,18,7,14.2,4000000,2018,4
362,1,6900,1,1,3,1950,192,17,5,18.0,5000000,2018,6
363,1,5000,1,1,2,1996,168,18,7,12.4,4000000,2020,8
364,1,5000,1,1,2,2755,174,17,7,15.0,45000000,2021,4
365,1,5500,1,1,2,2755,174,18,7,14.2,4500000,2020,4
366,1,8000,1,1,2,1996,168,18,7,12.4,4500000,2020,8
367,1,50000,1,1,3,1950,192,17,5,12.0,8000000,2021,6
368,1,150000,0,2,4,1998,136,15,5,12.9,490000,2008,4
369,1,72000,0,1,1,1248,73,14,5,23.2,325000,2015,11
370,2,21000,0,2,1,1197,83,15,5,21.4,580000,2018,11
371,4,44084,0,1,1,1248,74,14,5,25.2,423330,2015,11
372,1,65359,0,2,1,796,47,12,5,19.7,183340,2012,11
373,1,61000,0,2,1,998,67,13,5,24.0,265000,2013,11
374,1,21000,1,2,3,1373,91,16,5,19.1,760000,2016,11
375,4,98000,0,2,3,1799,130,15,5,14.8,165000,2009,2
376,1,108000,0,2,3,1497,117,15,5,17.8,550000,2014,2
377,1,45000,1,1,3,1995,184,17,5,18.4,3950000,2017,10
378,1,1200,0,2,1,1199,84,13,5,23.8,594000,2020,13
379,2,82000,1,2,3,1796,178,16,5,8.6,550000,2009,6
380,1,41028,0,2,1,1197,81,14,5,18.9,580000,2016,1
381,1,18000,1,1,4,2199,197,18,9,13.9,3400000,2020,14
382,1,58000,0,2,3,1197,83,14,5,22.0,450000,2016,11
383,1,74000,0,2,3,1586,103,15,5,16.5,265000,2010,11
384,1,65310,0,1,1,1405,71,13,5,16.3,210000,2008,13
385,2,79000,1,2,3,2354,180,16,5,8.8,325000,2009,2
386,2,49000,0,2,1,1198,87,14,5,18.9,315000,2013,2
387,1,62000,0,2,3,1497,78,14,5,12.8,185000,2008,2
388,1,62449,0,2,3,1497,78,14,5,12.8,285000,2006,2
389,1,13284,0,2,3,1497,117,15,5,17.8,630000,2013,2
390,1,81441,1,1,3,2143,207,16,5,11.4,1350000,2012,6
391,3,132000,0,1,2,2179,138,16,7,13.9,250000,2010,13
392,1,36000,1,2,1,1197,83,15,5,21.4,551000,2016,11
393,1,2500,0,1,3,1582,126,16,5,22.3,553000,2014,1
394,1,42754,0,2,3,1197,83,14,5,20.8,607700,2018,11
395,1,42000,1,1,3,1248,74,14,5,26.5,690000,2016,11
396,1,39000,0,2,1,1199,84,14,5,23.8,495000,2018,13
397,2,35000,0,2,1,1198,87,14,5,18.7,315000,2011,2
398,1,27000,0,2,2,1198,82,14,5,18.1,525000,2019,12
399,1,22000,0,2,5,1199,99,16,5,25.5,785000,2018,2
400,1,75000,0,2,5,1199,88,16,5,17.5,721000,2017,2
401,1,66000,1,1,2,1493,84,15,7,18.4,785000,2016,12
402,1,53000,0,1,2,1493,84,15,5,18.4,760000,2015,12
403,1,11000,0,2,1,1197,82,14,5,18.6,703537,2018,1
404,1,47374,0,2,1,1197,82,14,5,18.6,515000,2018,1
405,1,64000,0,2,1,1086,62,13,5,17.9,290000,2013,1
406,1,32000,0,1,4,1497,121,16,7,17.6,1095000,2019,12
407,1,11000,0,2,1,1194,95,15,5,19.0,675000,2018,8
408,1,50000,0,2,3,1497,117,15,5,17.8,270000,2009,2
409,2,145000,0,2,1,796,47,12,5,19.7,100000,2010,11
410,2,260000,0,2,3,1799,130,15,5,14.8,108000,2008,2
411,1,116000,1,2,2,2354,187,17,5,12.0,1075000,2016,2
412,3,100000,0,2,1,1150,76,13,5,15.2,135000,2009,18
413,1,100000,0,2,1,1197,80,13,5,12.8,200000,2009,1
414,1,82000,0,2,3,1197,83,14,5,20.8,285000,2010,11
415,1,70461,0,2,6,796,59,12,5,16.8,185000,2013,11
416,2,57000,0,2,3,1497,117,15,5,17.8,565000,2013,2
417,2,64000,0,2,1,1061,64,13,5,13.6,245000,2010,11
418,1,500,0,2,3,1199,89,14,5,18.6,643750,2020,2
419,1,41000,0,2,1,1197,83,16,5,21.4,695000,2017,11
420,1,20000,0,2,1,1197,83,14,5,20.4,535000,2015,11
421,1,56000,0,1,1,1248,74,14,5,25.2,370800,2014,11
422,2,39664,0,2,1,796,47,12,5,19.7,149350,2010,11
423,1,69000,0,2,1,796,47,12,5,14.5,149350,2010,11
424,1,29000,1,2,1,1198,87,14,5,18.9,435000,2013,2
425,1,17000,1,1,3,2993,271,17,5,13.5,3400000,2013,19
426,2,52000,1,1,3,2143,134,17,5,17.9,2100000,2017,6
427,1,79000,0,2,3,1591,121,16,5,17.4,695000,2014,1
428,2,51000,0,2,1,796,37,12,5,16.1,50000,2008,11
429,1,55654,0,2,1,796,48,12,5,24.7,199000,2015,11
430,2,36000,0,2,1,1197,79,14,5,17.7,495000,2017,4
431,1,15000,0,2,3,1197,68,13,5,19.1,545000,2017,1
432,1,21000,0,1,3,1120,71,14,5,24.4,610000,2017,1
433,1,8000,0,2,1,1197,81,14,5,20.0,595000,2020,1
434,1,31000,0,1,1,1186,74,14,5,24.9,485000,2015,1
435,1,30000,0,2,1,1197,80,14,5,12.4,435000,2013,1
436,1,19000,0,2,1,1086,68,13,5,19.8,490000,2016,1
437,1,44000,0,2,1,1086,68,13,5,19.8,395000,2014,1
438,1,23000,0,2,1,1086,67,13,5,20.0,245000,2008,1
439,1,23000,0,1,3,1582,126,16,5,22.7,1050000,2015,1
440,1,50000,0,2,3,1797,147,16,5,16.3,775000,2014,1
441,1,11000,0,2,1,814,55,12,5,21.1,315000,2013,1
442,1,67000,0,2,3,1598,104,15,5,15.0,334750,2013,3
443,2,56000,0,1,2,1461,108,16,5,19.6,615000,2015,9
444,1,71000,0,1,2,1461,84,16,5,20.5,437750,2014,16
445,1,78000,0,1,3,1461,85,15,5,22.7,307970,2013,16
446,1,49000,0,1,3,1598,103,15,5,20.5,565000,2012,0
447,1,54000,0,1,2,1498,110,15,5,18.8,760000,2016,8
448,1,63000,0,1,1,1498,99,14,5,25.8,335000,2013,8
449,1,19000,0,2,1,1199,79,14,5,18.6,315000,2015,18
450,1,70193,0,1,1,1498,99,14,5,25.8,295000,2012,8
451,1,47512,0,2,1,999,67,13,5,23.0,249000,2016,9
452,1,69655,0,2,1,1198,87,14,5,18.9,259000,2012,2
453,1,69858,1,1,3,2993,313,19,5,17.5,7895758,2015,10
454,1,75000,0,1,4,1462,89,15,5,25.4,1014453,2018,11
455,1,84565,0,1,4,1248,89,15,7,20.7,750000,2015,11
456,1,43731,0,2,1,1197,85,14,5,18.5,390000,2012,11
457,1,44191,0,4,1,1086,68,13,5,19.8,375000,2012,1
458,1,3500,1,2,1,1197,81,14,5,20.7,860000,2020,1
459,3,25000,1,1,3,2993,258,18,5,14.6,4200000,2017,10
460,1,42000,0,2,1,1197,83,15,5,21.4,525000,2018,11
461,1,58000,0,2,1,1197,85,14,5,12.0,425000,2016,11
462,1,81205,0,1,1,1248,74,14,5,25.2,550000,2014,11
463,1,85000,0,1,1,1248,74,14,5,25.2,350000,2013,11
464,1,61000,0,1,3,1120,71,14,5,24.4,400000,2014,1
465,1,40181,1,1,2,2993,258,18,5,15.3,4050000,2015,10
466,1,110000,0,1,2,2179,140,16,5,13.4,650000,2013,13
467,2,65000,0,2,1,796,47,12,5,19.7,139050,2009,11
468,1,53434,0,2,1,1197,83,15,5,21.4,504700,2016,11
469,2,70585,0,2,1,998,67,13,5,20.5,123600,2008,11
470,1,99740,0,1,1,1248,90,15,5,20.5,320000,2012,20
471,1,63000,1,2,3,1798,158,16,5,13.7,550000,2013,21
472,1,111500,0,1,3,1968,138,15,5,20.0,450000,2013,3
473,1,74000,0,1,2,1461,108,16,5,19.6,485000,2014,9
474,1,80535,0,1,2,1461,108,16,5,19.6,570000,2013,9
475,1,58000,1,1,3,1498,98,15,5,16.9,445000,2012,16
476,1,65301,0,1,3,1598,103,15,5,20.5,520000,2013,0
477,1,58000,1,2,3,1197,103,15,5,18.1,325000,2010,0
478,1,95000,0,1,2,2179,140,17,5,14.0,850000,2015,12
479,1,27854,1,2,1,1197,82,14,5,18.6,726448,2019,1
480,1,59000,0,2,1,1086,63,13,5,12.8,175000,2005,1
481,1,47506,0,2,1,1197,82,15,5,20.8,585000,2018,11
482,1,40000,0,1,2,2755,174,17,7,14.2,2700000,2017,4
483,1,131000,0,1,2,2982,169,17,5,11.9,925000,2009,4
484,2,49000,1,2,3,1798,138,15,5,15.2,995000,2015,4
485,1,63000,0,1,4,2393,148,16,7,15.1,1775000,2018,4
486,1,18000,0,2,1,1197,83,15,5,21.4,600000,2019,11
487,1,47000,0,1,3,1248,74,14,5,26.5,625000,2019,11
488,1,46593,0,2,1,1197,83,14,5,20.4,425000,2015,11
489,1,16000,0,1,2,1498,110,15,5,18.8,698888,2017,8
490,2,58000,1,2,2,1991,241,18,5,11.5,3400000,2016,6
491,1,40000,1,1,2,1999,177,17,5,15.6,3950000,2017,15
492,1,11000,1,1,2,1999,177,17,5,15.6,5800000,2020,15
493,1,17000,1,1,3,2993,258,18,5,14.6,5974000,2018,10
494,2,44000,1,2,3,1999,197,17,5,13.0,2549500,2017,19
495,2,65000,1,2,3,2773,201,17,5,10.4,1200000,2012,5
496,1,26000,1,2,3,1984,227,17,5,14.1,2475000,2017,3
497,1,32806,1,2,1,1197,81,14,5,18.9,478950,2014,1
498,1,45000,0,1,3,1248,88,15,5,28.0,675000,2017,11
499,1,140000,0,1,3,1364,87,15,5,21.4,900000,2015,4
500,1,48723,0,2,4,1198,67,13,7,20.6,269991,2015,17
501,1,46311,0,2,1,1193,89,14,5,17.5,229991,2015,13
502,1,9102,0,2,1,1086,68,13,5,20.3,530000,2019,1
503,2,50000,0,2,3,1799,130,15,5,14.8,184500,2007,2
504,1,68000,0,1,1,1396,89,16,5,22.5,590000,2017,1
505,1,50587,0,1,2,1582,126,16,5,19.6,1066050,2019,1
506,2,63000,0,1,4,2393,148,17,7,15.1,1575000,2016,4
507,1,53001,1,2,2,1499,110,15,5,18.8,740000,2016,8
508,2,70000,0,2,1,1368,98,14,5,18.6,250000,2009,1
509,1,950,0,2,2,1497,117,16,7,15.4,1250000,2020,2
510,2,62875,0,1,2,1461,108,16,5,19.6,390000,2014,9
511,1,46625,0,2,1,1198,87,14,5,18.9,219000,2012,2
512,1,47500,0,1,3,1248,74,14,5,26.5,365000,2012,11
513,1,54400,0,2,5,1199,88,16,5,17.5,765000,2018,2
514,3,62000,1,2,1,1086,63,13,5,12.8,174000,2008,1
515,1,38000,0,2,2,1591,122,16,5,15.2,1179500,2017,1
516,1,9000,0,2,2,1498,105,16,5,13.6,1158750,2019,9
517,3,32878,0,2,3,1798,138,15,5,15.2,980000,2018,4
518,3,40000,1,2,3,1598,104,15,5,14.8,260000,2012,3
519,3,117000,1,1,3,1995,184,16,5,9.7,825000,2011,10
520,1,72000,0,3,1,998,58,13,5,26.6,153470,2010,11
521,1,39447,0,2,1,796,48,12,5,24.7,285000,2013,11
522,2,100000,0,1,1,1248,74,14,5,25.2,280000,2014,11
523,1,19857,0,1,2,1956,169,17,5,17.4,2112000,2021,22
524,1,19857,0,5,2,1451,141,17,5,15.8,1831000,2020,22
525,1,19652,0,2,2,1462,103,16,5,17.0,981000,2020,11
526,1,22000,0,2,3,1197,82,14,5,22.0,625000,2017,11
527,1,52000,0,1,2,1493,84,15,5,18.4,550000,2015,12
528,1,45000,1,1,2,1582,126,17,5,17.1,1025000,2017,1
529,2,107000,0,1,3,1493,82,13,5,13.3,110000,2003,1
530,1,67821,0,2,1,1197,82,14,5,18.6,516000,2016,1
531,1,80000,0,1,4,2498,95,15,5,14.0,361530,2012,12
532,1,178000,0,1,2,2179,120,17,5,15.4,435000,2011,12
533,1,48000,0,2,3,1599,103,14,5,11.8,235000,2011,1
534,1,46016,1,2,1,1197,80,13,5,12.8,320451,2011,1
535,1,84501,0,2,1,1197,80,13,5,20.0,216500,2010,1
536,6,235000,0,1,3,1896,90,15,5,13.9,170000,2008,3
537,2,50800,0,2,1,1198,67,13,5,20.6,260000,2015,17
538,1,82000,1,2,1,1197,80,13,5,17.0,270000,2011,1
539,1,16000,0,2,1,1197,80,14,5,12.4,419000,2015,1
540,2,33400,0,2,1,1197,82,14,5,18.6,600000,2018,1
541,2,56000,1,2,3,1799,130,15,5,14.8,350000,2010,2
542,1,44000,0,2,1,1198,87,14,5,18.9,300000,2012,2
543,1,45000,0,1,4,2393,148,16,7,15.1,1700000,2019,4
544,1,68000,0,1,3,1248,74,14,5,26.5,526000,2015,11
545,1,18000,0,1,3,1248,74,14,5,26.5,549000,2015,11
546,2,58000,0,2,3,1368,90,15,5,10.5,270000,2010,20
547,3,120000,0,1,4,2494,102,15,5,11.4,400000,2007,4
548,1,16000,0,1,1,1498,99,15,5,24.4,770000,2019,8
549,2,38000,0,2,3,1373,91,16,5,20.7,680000,2017,11
550,2,73000,0,2,1,1086,68,13,5,19.8,255000,2011,1
551,4,63000,0,2,3,1798,158,16,5,13.7,430000,2010,21
552,1,60000,0,1,5,1598,118,16,5,22.0,650000,2015,11
553,1,65000,0,1,1,1498,89,15,5,20.0,450000,2014,0
554,1,64531,0,1,4,1497,121,16,7,17.6,900000,2019,12
555,1,26524,0,1,4,2393,148,16,7,15.1,1360000,2016,4
556,1,42710,1,1,2,2755,174,18,7,14.2,3670346,2019,4
557,1,2400,0,2,3,1591,121,16,5,17.4,416000,2013,1
558,1,57000,0,1,3,1498,99,14,5,25.8,485000,2014,2
559,1,11000,0,2,1,998,67,13,5,24.0,200000,2010,11
560,1,78000,0,1,1,1248,73,14,5,23.2,285000,2011,11
561,1,80000,0,1,1,1248,75,13,5,17000.0,230000,2013,13
562,2,41000,0,2,1,1086,67,13,5,20.0,190000,2010,1
563,1,71000,0,2,1,1197,83,14,5,20.4,250000,2010,11
564,1,65000,0,2,4,2694,164,17,7,15.1,2000000,2019,4
565,2,59000,0,2,1,1197,83,14,5,20.4,250000,2010,11
566,1,52716,0,2,1,1198,63,14,5,23.0,375000,2015,16
567,1,72000,0,1,3,1498,99,14,5,25.8,435000,2014,2
568,1,60000,0,2,1,1197,83,14,5,20.4,245000,2010,11
569,2,71000,0,2,1,1197,83,14,5,20.4,221450,2009,11
570,2,74051,0,2,1,1197,83,14,5,20.4,215064,2009,11
571,3,68014,0,2,1,1197,83,14,5,20.4,165014,2008,11
572,1,750000,0,3,1,998,58,13,5,26.6,390000,2016,11
573,1,55468,1,1,3,1248,88,15,5,21.5,494950,2015,13
574,2,22011,1,2,3,1497,117,15,5,18.0,900000,2018,2
575,1,118000,0,1,3,1498,99,15,5,26.0,600000,2014,2
576,1,43500,0,2,4,1497,118,15,7,17.3,445000,2014,2
577,2,52000,0,1,3,1498,99,14,5,25.8,320000,2013,2
578,1,65400,0,1,1,1248,73,14,5,23.2,275000,2012,11
579,1,13000,0,2,1,1197,80,14,5,12.4,528000,2017,1
580,2,70000,0,1,3,1582,126,16,5,24.0,425000,2013,1
581,2,110000,0,1,1,1248,75,13,5,17000.0,170000,2011,13
582,2,75000,0,1,3,1498,89,15,5,25.0,221000,2010,8
583,1,19857,1,1,4,2755,172,17,7,14.2,2000000,2019,4
584,1,31000,1,2,2,1499,110,17,5,18.8,835000,2018,8
585,1,57000,0,2,1,1197,80,14,5,12.4,310000,2010,1
586,1,12365,0,2,1,1197,88,16,5,21.0,756000,2020,4
587,1,60000,0,1,3,1248,74,14,5,26.5,500000,2012,11
588,1,60000,0,1,3,1248,74,14,5,26.5,700000,2013,11
589,1,60000,0,1,2,1582,126,16,5,19.6,660000,2015,1
590,1,60000,0,3,1,998,58,13,5,26.6,500000,2014,11
591,1,25000,1,1,2,1998,148,18,7,16.2,3260000,2019,3
592,1,50000,0,1,1,1396,89,14,5,22.5,700000,2016,1
593,1,67133,1,2,3,1497,117,15,5,18.0,489000,2013,2
594,2,80000,0,1,1,1364,67,14,5,23.5,500000,2013,4
595,1,50000,0,1,2,2179,140,17,7,16.0,1500000,2017,12
596,1,82000,0,1,3,1498,104,15,5,21.1,355500,2012,3
597,1,50000,0,2,1,1197,82,14,5,21.5,700000,2019,11
598,1,36640,0,2,1,799,53,13,5,25.1,304000,2016,9
599,1,50000,0,2,3,1498,130,15,5,13.9,400000,2007,2
600,1,42150,1,2,3,1591,121,16,5,17.4,1107000,2018,1
601,1,52136,0,1,5,1396,89,15,5,21.1,746700,2017,1
602,1,98000,0,2,1,796,47,12,5,19.7,99000,2008,11
603,1,75000,0,2,3,1497,78,14,5,12.8,150000,2007,2
604,1,44000,1,2,3,1991,184,17,5,12.0,2731000,2016,6
605,1,12000,0,1,2,2498,105,16,6,13.0,955000,2019,12
606,2,55000,1,1,2,2755,174,18,7,14.2,2725000,2017,4
607,2,93754,0,1,4,2494,100,15,7,12.9,630000,2010,4
608,1,71000,0,2,1,796,48,12,5,24.7,260000,2012,11
609,1,39055,0,1,2,1498,110,15,5,18.8,790000,2017,8
610,1,45000,0,2,1,796,48,12,5,24.7,300000,2015,11
611,1,83000,0,1,4,1248,76,14,7,18.2,430000,2013,18
612,1,57791,0,2,1,796,47,12,5,19.7,185000,2007,11
613,2,74968,0,1,1,1498,99,14,5,25.8,252350,2014,8
614,2,71000,0,3,1,624,33,12,4,36.0,149000,2014,13
615,1,42589,0,1,3,1493,110,16,5,14.0,227035,2009,1
616,1,36958,1,2,2,1999,237,17,5,15.6,4969589,2018,15
617,1,27895,1,1,2,2143,168,18,5,18.0,4155288,2018,6
618,1,67000,0,1,2,2179,140,17,7,14.0,746750,2015,12
619,1,52000,0,1,2,2179,140,17,5,14.0,463500,2012,12
620,1,48000,0,2,3,1198,74,15,5,17.8,566500,2017,0
621,1,9985,0,2,2,998,118,16,5,18.2,1116518,2020,1
622,1,100000,0,1,2,2982,169,17,5,11.9,1295000,2013,4
623,1,45655,0,1,3,1498,99,14,5,25.8,676251,2013,2
624,1,21000,0,1,5,1248,88,16,5,24.0,800000,2017,11
625,1,5000,1,1,2,1996,168,18,7,13.9,4000000,2020,8
626,1,5000,0,1,4,2393,148,16,7,15.1,2500000,2020,4
627,1,8000,0,1,4,2393,148,17,7,15.1,3200000,2020,4
628,1,5000,1,1,2,2755,174,18,7,14.2,4500000,2020,4
629,1,67750,0,2,3,1495,94,13,5,16.3,150100,2010,1
630,1,8000,0,1,4,2393,148,16,7,15.1,2500000,2021,4
631,1,78000,0,1,2,2696,162,16,5,12.4,900000,2014,12
632,1,72456,0,1,1,1461,63,15,5,23.1,285000,2013,9
633,1,4200,1,1,2,3198,197,18,7,10.7,4500000,2019,8
634,1,5000,1,1,2,2755,174,18,7,14.2,4500000,2019,4
635,1,5800,1,1,2,2755,174,18,7,14.2,4500000,2019,4
636,1,5000,1,1,2,2755,174,18,7,14.2,4500000,2019,4
637,3,125000,1,1,3,2987,282,18,5,13.5,9000000,2018,6
638,1,66000,1,1,3,1898,138,16,5,19.3,901000,2014,0
639,2,67602,1,1,3,1582,126,16,5,22.5,710500,2013,1
640,1,4000,0,1,2,2184,130,18,4,16.5,2000000,2020,12
641,1,5300,1,1,4,2755,172,17,7,14.2,3500000,2019,4
642,1,5000,1,1,4,2755,172,17,7,14.2,3500000,2019,4
643,2,87000,0,1,5,1248,88,16,5,24.0,580000,2015,11
644,1,8000,1,1,3,1950,192,17,5,18.0,6000000,2019,6
645,1,30000,0,1,2,2179,140,17,7,14.0,714000,2015,12
646,1,60000,1,1,3,2993,258,18,5,14.6,2675000,2010,10
647,1,58000,0,1,1,1248,74,14,5,25.2,386250,2014,11
648,1,50000,0,2,1,1197,82,14,5,18.6,582000,2017,1
649,2,25000,0,3,6,702,21,12,5,21.1,17000,2014,13
650,2,65000,0,1,2,1493,113,16,5,21.4,1464000,2021,1
651,1,37000,1,1,3,1995,190,225,5,18.8,1077000,2013,10
652,1,24300,0,2,3,1198,89,14,5,17.8,571000,2019,2
653,1,95874,0,1,3,1498,99,14,5,25.8,345050,2013,2
654,2,100000,1,1,3,1995,184,16,5,9.7,1210250,2012,10
655,1,65000,0,1,3,1582,126,16,5,22.3,450000,2012,1
656,1,49000,0,3,6,1196,63,13,5,16.2,270000,2013,11
657,1,65123,1,2,1,1197,83,15,5,21.4,621000,2016,11
658,3,65000,0,2,3,1590,94,13,5,11.0,85000,2004,11
659,1,77172,0,2,1,998,67,13,5,24.0,340000,2015,11
660,1,38732,0,2,1,998,67,13,5,24.0,280000,2013,11
661,2,80000,0,3,1,998,58,13,5,26.6,400000,2014,11
662,1,5000,1,1,2,1996,168,18,7,12.4,4500000,2020,8
663,1,4800,1,1,2,1996,168,18,7,13.9,4000000,2020,8
664,1,50000,1,1,3,1995,184,17,5,18.4,2500000,2012,10
665,1,50000,0,1,3,1364,87,15,5,21.4,2000000,2019,4
666,1,60000,0,1,4,1248,89,15,7,20.7,600000,2013,11
667,1,5900,0,1,4,2755,172,16,7,14.2,2500000,2018,4
668,1,67181,1,1,3,1968,138,15,5,17.2,695000,2012,3
669,1,67077,0,2,3,1496,80,15,5,17.5,319500,2011,4
670,1,62599,0,2,1,1199,79,14,5,18.6,170000,2011,18
671,1,62288,0,1,2,2179,140,17,7,16.0,1334000,2017,12
672,2,25164,0,2,1,1197,80,13,5,20.0,252500,2011,1
673,1,95292,0,1,4,2494,102,15,5,11.4,510000,2008,4
674,1,5000,1,1,2,2755,174,18,7,14.2,3500000,2016,4
675,1,5800,1,1,2,2755,174,18,7,14.2,4000000,2018,4
676,3,125000,1,1,3,2987,282,18,5,13.5,9000000,2018,6
677,1,8000,1,1,2,2755,174,18,7,14.2,3500000,2016,4
678,1,50000,0,2,1,1061,64,13,5,11.0,300000,2006,11
679,1,51060,0,1,1,1498,99,14,5,25.8,275000,2010,8
680,1,21000,1,1,2,2755,174,18,7,14.2,3650000,2019,4
681,3,77000,0,2,1,1197,80,13,5,20.0,230000,2010,1
682,3,190000,0,1,1,1461,65,14,5,23.0,108000,2011,16
683,1,48410,0,2,1,1197,82,14,5,18.6,680000,2017,1
684,1,76000,0,2,1,1086,63,13,5,12.8,250000,2013,1
685,1,52000,0,2,1,1172,67,14,5,15.8,315000,2015,20
686,1,31000,0,1,1,1248,74,14,5,25.2,690000,2019,11
687,1,57000,0,3,1,796,38,12,5,26.8,245000,2012,11
688,1,77000,0,1,1,1461,64,14,5,23.0,204970,2012,16
689,1,22000,0,2,1,1198,67,13,5,19.4,485000,2018,16
690,2,27000,0,2,1,999,75,15,5,18.7,610000,2019,0
691,1,25014,0,2,2,1497,121,16,5,16.8,1130000,2019,8
692,2,30000,0,1,2,1498,110,15,5,18.8,775000,2017,8
693,1,51000,0,2,2,1499,110,15,5,18.8,695000,2017,8
694,1,37000,0,1,2,1499,110,15,5,18.8,625000,2014,8
695,2,58000,0,1,2,1499,110,15,5,18.8,635000,2014,8
696,1,42000,0,1,2,1499,110,15,5,18.8,625000,2013,8
697,1,15000,0,2,1,1198,67,14,5,19.8,490000,2020,17
698,1,14000,0,2,4,1198,67,13,7,20.6,455000,2017,17
699,2,58000,0,2,3,1591,121,16,5,17.4,420000,2012,1
700,1,50000,0,2,1,1197,80,14,5,12.4,566500,2017,1
701,1,90000,0,1,4,2393,148,16,7,15.1,1125000,2017,4
702,1,37100,0,2,2,1591,122,16,5,15.2,1030000,2016,1
703,1,90000,0,2,1,995,63,13,5,13.0,120000,2009,18
704,1,39000,0,2,1,1197,81,14,5,18.9,425000,2014,1
705,2,86000,0,1,1,1368,98,14,5,18.6,345000,2012,1
706,2,69000,0,2,3,1591,121,16,5,14.0,395000,2012,1
707,1,55000,0,2,1,1086,68,13,5,19.8,285000,2014,1
708,1,66200,0,2,1,1086,68,13,5,19.8,295000,2011,1
709,2,47123,1,1,2,1968,174,16,5,15.7,1300000,2014,5
710,1,80663,1,1,2,1968,174,16,5,15.7,1550000,2013,5
711,1,60000,0,1,2,1461,108,16,5,19.6,645000,2015,9
712,1,72000,1,1,3,2143,204,17,5,14.2,1175000,2013,6
713,1,35000,0,2,1,1198,74,15,5,16.4,345000,2011,0
714,1,15000,1,2,2,1499,110,15,5,18.8,1075000,2015,8
715,1,87524,0,1,1,1498,99,14,5,25.8,310000,2011,8
716,1,79200,0,1,1,936,58,14,5,25.4,195000,2014,18
717,2,32000,0,2,4,1389,102,14,8,13.7,295000,2014,18
718,1,89000,0,1,4,2179,120,15,5,14.0,450000,2013,12
719,1,14000,0,2,1,1197,82,15,5,20.8,565000,2018,11
720,1,33650,0,2,2,1499,110,15,5,18.8,775000,2017,8
721,1,47123,0,3,1,796,40,12,5,33.4,190550,2012,11
722,1,50000,0,1,2,1396,89,16,5,21.3,1045000,2019,1
723,1,33000,0,1,2,1582,126,16,5,19.6,1225000,2018,1
724,1,56000,1,2,2,1591,122,16,5,15.2,1135000,2017,1
725,1,28000,0,2,5,1197,82,16,5,17.1,566500,2018,1
726,4,73000,0,2,3,1599,103,13,5,10.6,158000,2010,1
727,1,22000,1,2,1,1197,82,14,5,18.6,695000,2019,1
728,1,49000,0,2,1,1197,82,14,5,18.6,625000,2018,1
729,1,26000,0,2,1,1197,82,14,5,18.6,625000,2017,1
731,1,5000,0,1,2,2184,130,18,4,16.5,2000000,2021,12
732,1,34125,0,2,1,796,37,12,5,16.1,135000,2009,11
733,1,71000,1,2,1,1197,81,14,5,16.9,545000,2016,1
734,1,45000,0,2,1,999,53,13,5,25.1,325000,2018,9
735,1,78405,1,1,3,1498,104,15,5,21.6,691000,2016,3
736,1,20000,1,1,2,1995,188,18,5,20.6,2750000,2018,10
737,1,24000,0,2,3,1497,117,15,5,17.8,789999,2018,2
738,1,3500,0,2,3,1197,83,14,5,22.0,479999,2016,11
739,1,21000,0,2,5,1197,82,16,5,17.1,550000,2016,1
740,1,45000,1,2,3,1497,117,15,5,18.0,665000,2015,2
741,1,63000,0,1,4,2494,100,15,7,12.9,639000,2012,4
742,1,46213,0,2,1,1197,82,14,5,18.6,469000,2015,1
743,1,8000,0,1,2,1493,114,17,5,20.0,1740000,2020,14
744,1,25000,0,2,1,1197,81,14,5,20.7,597400,2019,1
745,1,80000,0,1,4,2489,95,15,7,13.9,598000,2018,12
746,1,13000,0,2,2,1591,122,16,5,15.2,1416000,2018,1
747,1,42430,0,2,3,1197,83,14,5,20.8,319991,2012,11
748,1,29900,0,2,2,1497,121,16,5,16.8,1029000,2019,8
749,2,16857,1,2,3,1798,177,16,5,14.7,1537000,2019,3
750,1,51300,0,2,1,1197,81,16,5,18.6,585000,2016,1
751,1,45000,0,2,1,1197,80,14,5,12.4,275000,2009,1
752,1,80517,1,2,1,1197,80,13,5,17.0,395000,2013,1
753,1,55000,0,2,1,1197,83,14,5,20.4,475000,2013,11
754,1,47000,0,2,1,1197,83,14,5,20.4,330000,2008,11
755,1,36000,0,1,3,1248,88,15,5,28.0,745000,2016,11
756,1,41000,0,2,3,1373,91,15,5,20.7,610000,2014,11
757,1,70261,0,1,3,1396,70,14,5,25.0,206000,2016,13
758,1,15000,0,2,1,1199,84,14,5,23.8,535000,2017,13
759,1,92000,0,2,3,2354,180,16,5,8.8,386250,2010,2
760,1,98000,0,1,1,1248,74,14,5,25.2,450000,2014,11
761,2,72000,0,2,1,1198,87,14,5,18.7,250000,2010,2
762,1,88000,0,2,1,998,67,13,5,20.5,297000,2015,11
763,1,51016,0,1,3,1498,99,15,5,26.0,565000,2015,2
764,2,80451,1,2,3,1198,89,14,5,18.1,365000,2013,2
765,1,28060,1,2,1,1197,82,14,5,18.6,775000,2018,1
766,1,14848,0,1,5,1498,98,16,5,25.5,705550,2018,2
767,1,50000,0,2,2,1198,108,16,5,17.0,475000,2017,13
768,1,17223,0,2,1,1197,83,15,5,21.4,628300,2019,11
769,1,23000,0,2,1,1194,95,15,5,19.0,665000,2018,8
770,4,13987,0,1,4,2393,148,16,7,15.1,950000,2019,4
771,1,190000,0,2,3,1199,82,14,5,18.2,80000,2013,18
772,2,85000,1,2,2,2398,187,17,5,8.7,385000,2008,2
773,1,59000,0,2,1,1197,80,14,5,12.4,295000,2011,1
774,1,59000,0,1,5,1248,88,16,5,24.0,695000,2016,11
775,1,9000,0,2,1,998,67,14,5,22.5,555000,2019,11
776,1,16000,0,2,1,796,48,12,5,24.7,275000,2013,11
777,2,59000,1,1,3,2993,258,18,5,14.6,1750000,2010,10
778,1,4900,1,2,1,999,53,13,5,25.1,415000,2017,9
779,1,1000,0,2,1,1368,98,14,5,18.6,620000,2016,1
780,1,48300,0,2,1,796,48,12,5,24.7,200000,2012,11
781,1,22900,1,2,2,1395,148,17,5,16.9,2850000,2019,5
782,1,7500,0,2,1,998,67,13,5,24.0,350000,2018,11
783,2,80000,0,2,1,998,67,13,5,24.0,240000,2016,11
784,1,19857,0,1,2,2179,153,17,7,15.1,1638000,2021,12
785,1,19857,0,1,2,1956,168,17,6,16.6,2000000,2021,22
786,1,39898,0,2,3,1198,87,14,5,17.8,525000,2016,2
787,1,78299,0,2,3,1198,87,14,5,17.8,500000,2015,2
788,1,93000,1,1,4,2755,172,17,7,14.2,1775000,2016,4
789,1,62000,1,2,1,624,37,12,4,23.6,195000,2015,13
790,1,25876,0,1,2,2755,174,17,7,14.2,3283177,2019,4
791,3,19857,0,1,2,2755,174,17,7,14.2,2000000,2020,4
792,1,76000,0,1,1,1248,75,14,5,14.8,325000,2010,11
793,1,20000,0,2,1,998,67,13,5,24.0,200000,2011,11
794,1,62000,0,1,3,1498,99,14,5,25.8,521000,2017,2
795,1,32000,1,2,2,1591,122,17,5,15.2,1399000,2019,1
796,1,67500,1,2,2,1591,122,16,5,15.2,1081000,2018,1
797,2,56000,1,1,2,2179,138,17,7,16.0,1200000,2018,12
798,1,100000,1,1,4,2755,172,16,8,14.2,1525000,2017,4
799,1,57000,0,2,1,1197,80,13,5,12.8,211000,2008,1
800,1,21000,0,2,1,1197,83,16,5,21.4,650000,2017,11
801,1,40000,1,1,2,2755,174,18,7,14.2,2575000,2017,4
802,2,60000,0,1,3,1461,85,15,5,21.6,325000,2013,9
803,1,13000,0,1,3,1248,74,14,5,28.4,593400,2017,11
804,1,41000,0,2,3,1497,117,15,5,17.8,437200,2013,2
805,1,28000,1,2,8,2996,367,21,5,9.0,4674000,2016,6
806,1,820,1,1,2,1995,190,17,5,222.0,9876000,2011,10
807,1,31000,1,1,2,2143,168,18,5,18.0,4248000,2019,6
808,1,40000,0,2,3,1197,83,14,5,22.0,394000,2015,11
809,1,24000,0,1,1,1368,98,14,5,18.6,797000,2018,1
810,1,32000,1,2,1,998,67,14,5,23.1,465000,2017,11
811,3,65000,0,2,1,1341,83,13,5,11.6,80000,2005,1
812,2,75852,0,1,2,2179,140,17,5,14.0,646000,2014,12
813,2,66000,0,1,2,1997,120,17,7,15.4,1025000,2016,12
814,1,62000,0,1,1,1368,98,14,5,18.6,275000,2012,1
815,2,59045,0,2,1,1197,80,13,5,20.0,165045,2008,1
816,1,69000,0,1,2,2477,176,17,5,11.5,865000,2012,7
817,2,95000,1,1,3,1968,138,15,5,17.2,350000,2010,3
818,1,36496,0,1,2,2179,153,17,7,16.0,1921000,2019,12
819,1,31411,1,2,1,1197,82,15,5,20.4,850000,2019,11
820,1,137271,0,1,1,1248,74,14,5,25.2,510000,2016,11
821,1,49734,0,1,3,1498,104,15,5,21.1,1004000,2017,3
822,1,90564,0,2,1,1197,83,14,5,20.4,577000,2016,11
823,1,65000,0,2,3,1197,83,14,5,20.8,250000,2010,11
824,1,65000,0,3,1,998,58,13,5,26.6,300000,2014,11
825,2,63000,0,2,1,1197,80,14,5,12.4,325000,2013,1
826,2,66000,0,2,3,1797,147,16,5,16.3,574800,2013,1
827,1,830,1,1,3,2987,282,18,5,13.5,12000000,2018,6
828,1,52000,0,1,2,1461,83,16,5,20.5,425000,2014,16
829,1,27000,1,1,3,2179,190,18,5,13.5,2480100,2015,19
830,2,87796,0,1,1,1498,89,15,5,20.0,475100,2015,0
831,1,15300,0,1,1,1399,68,15,5,17.7,175000,2009,8
832,1,41000,0,1,2,1499,110,15,5,18.8,470000,2013,8
833,1,62000,0,1,1,1498,99,14,5,25.8,200000,2012,8
834,1,77428,0,1,1,936,58,14,5,25.4,165000,2013,18
835,1,45000,0,2,3,1591,121,16,5,17.4,700000,2015,1
836,1,42589,1,1,3,2967,241,18,5,13.8,3757188,2012,5
837,1,8500,0,2,5,1199,99,16,5,17.5,793000,2019,2
838,3,79088,1,1,4,2755,172,17,7,14.2,1500000,2019,4
839,1,11000,0,2,1,1197,81,14,5,20.0,745000,2019,1
840,1,29679,1,2,9,5204,601,19,2,7.8,21020041,2017,5
841,1,35865,0,1,5,1598,118,16,5,22.0,973000,2018,11
842,1,20800,0,1,4,2393,148,16,7,15.1,1525000,2016,4
843,1,10800,0,1,1,1498,99,14,5,25.8,725000,2016,8
844,1,24000,1,1,3,1968,141,16,5,16.5,1599000,2013,5
845,1,56000,0,2,3,1197,83,14,5,22.0,441000,2017,11
846,1,16857,1,1,2,1999,177,18,5,16.3,5300000,2019,19
847,1,53000,0,2,3,1197,82,14,5,22.0,572000,2019,11
848,1,5000,0,1,1,1498,98,14,5,27.3,500000,2016,2
849,1,5000,0,2,3,1396,105,16,5,17.4,250000,2011,1
850,1,71000,0,1,1,1248,74,14,5,25.2,504700,2013,11
851,1,51000,0,1,1,1086,68,13,5,19.8,324450,2013,1
852,1,45000,1,1,2,2477,176,17,5,11.5,1440000,2015,7
853,1,72000,1,1,3,1995,184,16,5,9.7,1136000,2011,10
854,1,45000,1,1,2,1582,126,17,5,17.1,1296300,2019,1
855,1,55000,1,2,1,1197,87,16,5,19.6,837064,2020,1
856,1,12000,0,1,1,1248,74,15,5,27.3,733000,2019,11
857,1,86000,0,2,5,1197,82,15,5,17.1,415000,2015,1
858,1,57000,0,1,4,2494,100,15,8,12.9,630000,2014,4
859,1,66000,0,1,2,1461,84,16,5,19.6,551000,2015,9
860,1,43000,1,1,3,1968,141,16,5,16.5,1778000,2013,5
861,1,9000,0,1,2,1582,126,17,5,19.6,1417000,2019,1
862,1,24000,1,1,1,1248,74,15,5,26.8,525000,2018,11
863,1,50000,0,1,1,1396,89,16,5,22.5,500000,2015,1
864,1,10000,0,1,3,1498,99,15,5,25.8,634000,2018,2
865,1,8546,0,2,1,1197,83,16,5,21.4,914506,2020,11
866,1,89800,0,1,4,2494,102,15,5,11.4,569000,2011,4
867,1,65000,0,1,3,1461,85,15,5,22.7,325000,2014,16
868,1,1500,0,2,3,1373,91,16,5,20.7,721000,2017,11
869,1,26000,0,2,3,1498,97,14,5,16.9,390000,2014,16
870,1,23000,0,2,3,1497,117,15,5,17.8,530000,2015,2
871,1,98000,1,1,3,1968,174,16,5,16.5,1125000,2012,5
872,1,99000,1,1,2,1968,174,16,5,15.7,1350000,2013,5
873,1,5000,0,1,3,1248,74,14,5,26.5,207800,2010,11
874,1,50000,0,1,4,2393,148,16,7,15.1,2000000,2017,4
875,1,54000,0,2,3,1198,87,14,5,17.8,380000,2013,2
876,1,25000,0,1,5,1248,88,16,5,24.0,764000,2017,11
877,1,49232,0,2,4,1198,67,13,7,20.6,1485000,2015,17
878,2,43907,0,2,3,1497,117,15,5,17.8,745000,2016,2
879,1,17900,1,2,3,1496,106,15,5,17.1,965000,2019,4
880,1,35000,0,2,4,1198,67,13,7,20.6,360000,2017,17
881,1,45000,0,2,3,1497,117,15,5,17.8,526927,2016,2
882,1,19857,0,1,3,1248,89,16,5,28.0,1063000,2019,11
883,1,22000,0,1,3,1582,126,16,5,24.8,1083000,2019,1
884,1,59000,0,1,2,2982,169,17,5,11.9,1249000,2014,4
885,1,60000,0,1,3,1248,74,14,5,26.5,338009,2014,11
886,1,17000,0,1,5,1396,89,15,5,21.1,595000,2016,1
887,1,21000,0,1,1,1248,74,15,5,27.3,711900,2018,11
888,1,25348,1,1,3,2993,258,18,5,14.6,5024570,2017,10
889,1,25325,1,1,2,1582,126,17,5,17.1,1475000,2015,1
890,1,37639,1,1,4,2755,172,17,7,14.2,2712899,2019,4
891,1,68000,1,1,3,2993,262,17,5,11.1,2850000,2014,10
892,1,18745,0,1,3,1248,89,16,5,28.0,1029000,2019,11
893,1,58000,1,2,3,2979,320,18,5,12.0,1645000,2010,10
894,1,65000,1,1,2,1968,174,16,5,15.7,1425000,2013,5
895,1,44000,0,2,1,1197,83,15,5,21.4,590000,2018,11
896,1,6400,0,2,2,998,118,16,5,18.2,1045000,2019,1
897,1,56000,1,1,2,1968,184,17,5,15.7,1490000,2014,5
898,1,45236,0,2,3,1591,121,16,5,17.4,356000,2012,1
899,1,52000,1,1,3,1995,217,17,5,17.2,1562000,2011,10
900,1,4500,0,1,1,1248,74,14,5,28.4,655000,2019,11
901,1,18755,0,2,4,2694,164,17,7,15.1,1500000,2019,4
902,2,108000,0,1,1,1396,69,13,5,17000.0,160000,2016,13
903,1,16548,0,2,3,1497,117,15,5,17.8,941364,2019,2
904,1,24000,0,1,2,2498,105,16,6,13.0,596000,2016,12
905,1,61000,0,2,1,1197,80,14,5,12.4,272000,2010,1
906,1,71000,0,2,1,998,67,13,5,24.0,280000,2015,11
907,1,39000,0,2,2,1499,110,15,5,18.8,825000,2018,8
908,1,25000,0,2,1,998,67,13,5,24.0,325000,2016,11
909,1,38000,0,1,2,1493,100,15,7,18.4,800000,2018,12
910,1,16857,0,2,1,1197,81,14,5,20.0,551000,2019,1
911,1,16857,0,2,3,1197,82,14,5,22.0,583000,2019,11
912,1,19857,1,2,1,1198,89,15,5,18.7,785000,2019,2
913,1,19858,1,2,1,1197,81,14,5,17.4,698000,2019,1
914,1,19857,0,2,3,1497,117,15,5,17.8,884000,2019,2
915,1,89441,0,2,1,796,47,12,5,19.7,120000,2010,11
916,1,88911,1,1,2,2982,169,17,5,12.5,1070000,2012,4
917,1,78831,0,1,2,1461,108,16,5,19.6,490000,2013,9
918,1,7000,0,2,2,1462,103,16,5,18.5,1090000,2020,11
919,1,78465,1,1,3,2993,262,17,5,11.1,5200000,2015,10
920,2,19857,1,1,3,2967,247,18,5,15.5,4835000,2013,5
921,1,63000,0,3,1,998,58,13,5,26.6,281000,2013,11
922,1,63000,0,2,1,1197,81,16,5,18.6,643000,2017,1
923,1,12000,0,2,1,1197,82,15,5,20.8,660000,2020,11
924,1,79000,0,1,4,2494,100,15,5,12.9,399000,2005,4
925,1,93000,0,2,1,1197,83,14,5,20.4,350000,2016,11
926,1,70000,0,1,1,1248,74,14,5,25.2,495000,2014,11
927,1,22000,0,1,3,1248,88,15,5,28.0,650000,2016,11
928,2,95000,0,2,3,1498,130,15,5,13.9,195000,2007,2
929,1,45000,1,2,3,1497,117,15,5,18.0,750000,2016,2
930,1,37000,0,1,1,1368,98,14,5,18.6,719000,2018,1
931,1,13557,1,1,2,2993,258,18,5,16.5,3790000,2017,10
932,1,6100,0,1,5,1498,98,16,5,25.5,857936,2018,2
933,1,68000,0,1,2,1461,108,16,5,19.6,550000,2016,9
934,1,30000,0,2,1,1197,82,14,5,18.6,710000,2018,1
935,1,30000,0,1,3,1598,103,15,5,20.5,700000,2014,0
936,1,55845,1,2,3,1991,184,17,5,12.0,4065000,2019,6
937,1,54000,1,2,3,1199,84,15,5,20.3,498000,2018,13
938,1,34000,1,2,2,1499,110,16,5,16.0,650000,2015,8
939,1,84000,1,1,3,1582,126,16,5,22.3,375000,2012,1
940,1,5874,0,2,2,1582,122,17,5,15.2,1325000,2019,1
941,1,840,1,2,3,1991,184,17,5,12.0,4790000,2019,6
942,3,99500,1,2,8,4691,425,20,5,12.0,5000000,2013,23
943,1,22000,1,1,3,1995,188,18,5,22.4,4944000,2019,10
944,1,65000,0,1,2,1498,110,15,5,18.8,747000,2016,8
945,3,160000,0,2,3,1798,160,15,5,8.9,335000,2008,3
946,1,60000,0,1,4,2494,100,15,5,12.9,1500000,2011,4
947,1,90000,1,2,3,1199,89,14,5,18.1,800000,2016,2
948,1,57860,1,2,3,1497,117,15,5,18.0,1055700,2017,2
949,1,89660,0,1,2,2179,148,16,5,14.0,669500,2014,13
950,1,24000,0,2,2,1591,122,16,5,15.2,1125000,2017,1
951,1,120000,1,1,2,2982,169,17,7,12.5,2550000,2017,4
952,1,50000,1,1,3,1968,177,17,5,16.6,2336000,2014,5
953,1,49000,0,2,1,1198,74,15,5,16.0,625000,2018,0
954,1,84514,1,1,2,2993,255,20,5,12.3,8400000,2019,15
955,1,2100,0,1,2,1493,84,15,7,18.4,518000,2016,12
956,1,112000,0,1,1,1248,74,14,5,25.2,283000,2010,11
957,1,72000,1,2,3,2354,180,16,5,7.6,340000,2010,2
958,1,49208,0,2,3,1799,132,15,5,10.6,360000,2009,2
959,1,6803,1,2,2,998,118,16,5,18.1,1025000,2020,1
960,1,55800,1,1,2,2179,150,17,5,12.3,1479000,2011,15
961,1,60000,0,1,2,1461,108,16,5,19.6,390000,2013,9
962,3,50000,0,2,1,1086,62,13,5,17.9,200000,2008,1
963,1,32000,1,1,3,1950,192,17,5,18.0,3500000,2018,6
964,1,50000,0,1,1,1248,73,14,5,23.2,400000,2012,11
965,3,60000,0,2,1,1086,67,13,5,20.0,300000,2009,1
966,1,40000,0,2,1,1197,82,14,5,18.6,600000,2016,1
967,1,79000,0,1,2,1461,83,16,5,20.5,566500,2014,16
968,1,45090,1,1,3,2143,170,17,5,19.2,2433390,2015,6
969,1,8965,1,2,1,1197,82,14,5,21.2,792548,2020,11
970,1,40000,1,1,2,1968,174,16,5,15.7,2000000,2014,5
971,1,48000,0,1,2,2982,169,17,5,11.9,1683000,2015,4
972,1,25000,1,2,3,1591,121,16,5,17.4,749000,2018,1
973,1,19857,0,2,4,1462,103,15,5,19.3,885000,2019,11
974,1,75000,1,1,3,1498,104,15,5,21.6,669500,2016,3
975,1,86000,0,2,3,1598,104,15,5,15.0,390000,2013,3
976,2,68000,0,1,2,1461,108,16,5,19.6,489250,2012,9
977,2,77000,0,1,1,1498,99,14,5,25.8,235000,2011,8
978,2,33000,0,3,1,796,40,12,5,33.4,275000,2015,11
979,1,75436,0,1,1,1248,75,14,5,14.8,650000,2017,11
980,1,72158,0,2,1,1086,68,13,5,19.8,360000,2012,1
981,1,62000,1,1,2,2199,194,18,7,14.7,1290000,2015,1
982,1,50000,0,1,2,2982,169,17,5,11.9,1683000,2015,4
983,1,58819,0,2,1,814,55,12,5,21.1,265000,2015,1
984,1,20000,1,2,3,1799,140,16,5,16.5,1890000,2019,2
985,1,47125,0,1,1,1248,75,14,5,14.8,230000,2011,11
986,1,74511,1,2,3,6749,453,21,5,6.7,20000000,2010,24
987,1,58000,1,2,4,2694,164,17,7,15.1,1325800,2016,4
988,1,45000,0,2,1,1197,83,16,5,21.4,612700,2018,11
989,1,9821,0,2,3,1498,99,15,5,26.0,1245281,2020,2
990,1,95000,0,1,4,1248,89,15,7,20.7,685000,2015,11
991,1,75000,0,1,1,1248,73,14,5,23.2,406850,2012,11
992,1,20000,0,2,1,1197,82,14,5,21.2,643750,2020,11
993,1,62000,0,2,1,1197,83,14,5,20.4,415000,2014,11
994,2,110000,0,1,3,1248,74,14,5,26.5,325000,2009,11
995,2,76000,0,2,3,1368,90,15,5,16.1,175000,2010,13
996,2,44000,0,2,1,1198,87,14,5,18.9,235000,2012,2
997,1,27000,0,2,3,1498,99,15,5,26.0,813700,2017,2
998,1,29000,0,1,3,1498,99,15,5,26.0,822970,2016,2
999,1,31000,1,2,1,1198,87,14,5,18.7,684950,2016,2
1000,1,50000,0,2,3,1495,94,13,5,16.3,300000,2010,1
1001,1,50000,0,3,1,796,40,12,5,33.4,400000,2013,11
1002,1,20000,1,2,3,1497,117,15,5,18.0,1210000,2018,2
1003,1,40000,0,1,3,1461,85,15,5,22.7,500000,2013,16
1004,1,50000,0,2,1,998,67,13,5,24.0,400000,2017,11
1005,1,50000,1,1,4,2755,172,17,7,14.2,2109000,2018,4
1006,1,50000,0,1,3,1598,103,15,5,20.5,600000,2013,0
1007,1,25000,0,1,1,1248,74,14,5,25.2,500000,2013,11
1008,1,80000,0,2,1,796,38,12,5,14.5,200000,2007,11
1009,1,56000,0,2,1,1086,68,13,5,19.8,195000,2011,1
1010,2,12000,0,1,1,1248,73,14,5,23.2,240000,2014,11
1011,1,32599,0,2,3,1196,87,14,5,18.1,540000,2017,8
1012,2,87000,0,1,1,1248,75,14,5,20.5,335000,2015,20
1013,1,52000,0,2,3,1497,117,15,5,17.8,772500,2016,2
1014,1,14573,0,2,1,1198,89,15,5,18.7,710000,2019,2
1015,1,66000,1,1,3,1498,104,15,5,21.1,643750,2018,3
1016,1,60000,0,1,3,1248,88,15,5,28.0,670500,2017,11
1017,1,2500,1,2,1,998,67,14,5,21.6,540500,2020,11
1018,1,16857,0,2,2,1591,122,16,5,15.2,979000,2019,1
1019,1,65000,0,2,2,1591,122,16,5,15.2,706000,2016,1
1020,1,30000,0,1,4,1248,89,15,7,20.7,450000,2013,11
1021,1,108000,0,1,3,1248,74,14,5,26.5,535600,2012,11
1022,2,63000,0,2,3,1197,83,14,5,22.0,288400,2011,11
1023,1,83000,0,2,3,1497,78,14,5,12.8,288400,2008,2
1024,1,96000,0,1,3,1498,99,14,5,25.8,463500,2014,2
1025,1,41222,1,1,2,1995,190,18,5,20.6,2200000,2017,10
1026,1,94000,0,1,2,2179,140,17,5,14.0,635000,2014,12
1027,1,55895,1,2,2,1498,105,16,5,13.6,1050000,2018,9
1028,1,96437,0,1,3,1248,74,14,5,26.5,690000,2016,11
1029,1,49000,0,1,3,1120,71,14,5,24.4,386250,2016,1
1030,1,96000,0,1,2,1461,108,16,5,19.6,499550,2012,9
1031,1,50000,0,1,4,2755,172,16,7,14.2,1423000,2017,4
1032,1,19887,0,2,5,1199,89,16,5,16.5,1041000,2020,2
1033,2,50000,0,1,3,1582,126,16,5,22.3,600000,2014,1
1034,1,9854,0,2,2,1496,121,16,5,15.9,1132927,2020,8
1035,1,40000,1,1,2,2179,138,17,7,13.8,1647000,2019,12
1036,1,50100,0,2,3,1198,87,14,5,17.8,587000,2017,2
1037,1,32557,0,2,1,799,53,13,5,22.7,280000,2017,17
1038,1,31121,0,1,2,1396,88,16,5,21.3,1290000,2019,1
1039,1,46000,0,1,1,1248,74,14,5,25.2,295000,2013,11
1040,1,50000,1,1,2,1461,108,16,5,19.6,840000,2017,9
1041,4,89100,1,2,3,1798,158,16,5,13.7,240000,2010,21
1042,1,12548,0,2,3,1198,89,15,5,19.5,595000,2019,2
1043,1,80248,0,1,5,1248,88,16,5,24.0,725000,2017,11
1044,1,87357,0,1,2,2523,63,16,5,15.9,650000,2015,12
1045,1,81000,0,2,2,1198,82,14,5,18.1,458350,2017,12
1046,3,75000,0,2,1,1086,62,13,5,17.9,127720,2005,1
1047,1,49000,0,1,2,2179,140,17,7,14.0,890950,2015,12
1048,1,22000,0,2,1,1197,81,14,5,18.9,592250,2016,1
1049,1,114000,1,1,3,1582,126,16,5,22.5,649000,2012,1
1050,1,42000,0,1,5,1248,88,16,5,24.0,625000,2016,11
1051,1,53000,0,1,3,1591,126,16,5,22.3,1107250,2018,1
1052,1,98000,0,1,4,2494,100,15,5,12.9,822970,2013,4
1053,1,23000,0,1,3,1248,88,15,5,28.0,719970,2016,11
1054,1,102234,0,2,1,1197,80,14,5,12.4,340000,2009,1
1055,1,26800,0,2,4,1497,117,15,7,17.3,585000,2014,2
1056,1,59000,1,1,3,2143,204,17,4,13.6,850000,2010,6
1057,1,34000,0,1,1,936,57,14,5,25.4,231750,2012,18
1058,1,34000,0,2,1,799,53,13,5,25.1,335000,2018,9
1059,3,92000,0,1,3,1968,138,16,5,19.3,575000,2012,0
1060,1,52000,0,1,1,1248,73,14,5,23.2,350000,2015,11
1061,1,4000,0,2,1,1197,81,14,5,20.0,638600,2019,1
1062,1,46000,0,1,4,2393,148,16,7,15.1,1612000,2016,4
1063,1,143000,0,1,2,2982,169,17,5,11.9,1210000,2011,4
1064,1,91000,0,2,1,1197,83,14,5,20.4,247000,2008,11
1065,2,89000,1,1,2,1493,84,15,5,18.4,566500,2015,12
1066,1,27000,0,2,1,1197,82,15,5,20.8,489000,2017,11
1067,1,55000,0,2,3,1497,117,15,5,17.8,566500,2014,2
1068,1,40700,0,2,1,1197,82,14,5,18.6,582000,2017,1
1069,1,15700,1,2,1,1086,68,13,5,20.3,592000,2019,1
1070,1,58000,0,1,3,1248,74,14,5,26.5,340000,2010,11
1071,1,75000,0,2,1,1086,68,13,5,19.8,275000,2011,1
1072,1,55393,0,1,1,1047,69,14,5,27.2,425000,2016,13
1073,3,90000,0,1,1,936,57,14,5,25.4,211000,2011,18
1074,2,189000,0,1,4,2494,100,15,5,12.9,975000,2014,4
1075,1,36519,1,2,1,999,53,13,5,25.1,375000,2017,9
1076,2,63000,1,1,2,2997,254,19,5,15.2,2445000,2015,6
1077,1,64000,1,1,3,1995,184,17,5,18.4,1345000,2012,10
1078,1,57000,1,1,3,1968,177,17,5,16.6,1750000,2014,5
1079,2,89000,1,1,3,1995,184,16,5,9.7,1080000,2011,10
1080,1,62000,0,1,1,1498,99,14,5,25.8,425000,2017,8
1081,1,41000,0,1,2,1582,126,16,5,19.6,855000,2017,1
1082,1,76000,0,1,1,1368,98,14,5,18.6,395000,2014,1
1083,1,44000,0,2,3,1198,89,15,5,19.5,740000,2019,2
1084,1,57000,0,2,3,1197,83,14,5,20.8,450000,2014,11
1085,1,37000,1,2,1,1198,103,15,5,16.4,675000,2016,0
1086,1,85000,0,1,1,1248,74,14,5,22.9,350000,2017,13
1087,1,51000,0,1,4,1498,98,15,7,24.5,590000,2014,2
1088,1,70000,0,1,3,1582,126,16,5,24.8,990000,2018,1
1089,1,19000,0,2,3,1198,89,15,5,19.5,775000,2020,2
1090,2,67000,1,2,3,1497,117,15,5,18.0,811000,2017,2
1091,1,48000,0,1,2,1461,108,16,5,19.6,425000,2014,9
1092,1,3000,0,2,3,1198,89,15,5,19.5,775000,2019,2
1093,1,75000,0,1,1,1498,89,15,5,20.0,410000,2016,0
1094,1,50000,0,1,2,1498,110,15,5,18.8,575000,2016,8
1095,1,60000,0,2,1,1197,81,16,5,18.6,625000,2016,1
1096,1,65000,0,3,6,1196,63,13,5,16.2,180000,2012,11
1097,2,52000,0,1,1,1248,74,14,5,25.2,335000,2013,11
1098,1,42000,1,1,2,1461,108,16,5,19.6,790000,2018,9
1099,1,26900,0,2,3,1193,89,15,5,17.5,380000,2015,13
1100,2,75000,0,2,1,1086,63,13,5,12.8,215000,2004,1
1101,2,43000,0,2,1,998,67,13,5,20.5,139000,2007,11
1102,3,65000,0,2,1,993,58,13,5,12.6,95000,2006,11
1103,2,36000,0,2,1,1197,80,14,5,12.4,246000,2009,1
1104,1,55000,0,1,1,1186,74,14,5,24.9,452000,2014,1
1105,2,48000,0,2,1,1197,85,14,5,18.5,283000,2012,11
1106,2,59000,0,2,1,1086,67,13,5,20.0,211000,2010,1
1107,1,32000,0,2,1,814,55,12,5,21.1,325000,2018,1
1108,1,37000,0,2,3,1497,117,15,5,17.8,495000,2013,2
1109,1,22000,0,2,1,1197,83,14,5,20.4,445000,2014,11
1110,1,101888,0,1,2,1461,84,16,5,19.6,425000,2012,9
1111,1,11000,1,1,4,2755,172,17,7,14.2,2225000,2018,4
1112,1,950,0,2,1,1197,81,14,5,20.0,590000,2019,1
1113,1,10726,1,2,1,999,53,13,5,25.1,458350,2018,9
1114,2,58746,0,2,3,1799,130,15,5,14.8,335000,2011,2
1115,1,68759,0,1,1,1248,74,14,5,25.2,325000,2012,11
1116,2,10908,0,2,3,1586,103,16,5,16.5,155000,2007,11
1117,1,69000,0,2,1,1197,83,14,5,20.4,350000,2013,11
1118,1,62000,1,2,1,1197,80,13,5,17.0,395000,2013,1
1119,1,51000,0,1,1,936,58,14,5,25.4,310000,2016,18
1120,2,56000,0,2,3,1591,121,16,5,17.4,480000,2012,1
1121,1,78000,0,1,2,2179,148,16,5,14.0,510000,2013,13
1122,1,90000,0,1,4,2494,102,15,5,11.4,595000,2013,4
1123,1,88000,0,1,3,1591,121,16,5,17.4,650000,2015,1
1124,1,96000,0,2,3,1498,99,15,5,26.0,365000,2011,2
1125,1,18545,0,1,4,2393,148,16,7,15.1,1500000,2019,4
1126,1,76000,0,1,1,1248,74,14,5,25.2,350000,2013,11
1127,1,15329,0,2,1,1197,81,14,5,20.0,465000,2019,1
1128,1,24000,0,2,2,1498,104,16,5,13.9,800000,2018,9
1129,1,22000,0,2,1,1198,87,14,5,18.9,386000,2013,2
1130,1,9000,1,2,1,1199,84,14,5,23.8,595000,2019,13
1131,2,85000,1,1,3,2143,204,17,5,14.2,1975000,2015,6
1132,2,92000,1,1,2,2199,194,18,7,14.7,1250000,2014,1
1133,3,91000,0,1,3,1598,103,15,5,20.5,375000,2011,0
1134,1,42000,0,1,3,1498,109,15,5,21.6,765000,2018,0
1135,2,90000,0,1,2,2179,140,17,5,14.0,775000,2014,12
1136,1,55000,1,2,3,1497,117,15,5,18.0,375000,2011,2
1137,1,79000,0,1,3,1968,108,15,5,20.0,675000,2013,21
1138,1,16000,1,2,1,1197,81,14,5,18.9,465000,2016,1
1139,3,119375,1,2,3,2354,180,16,5,7.6,330000,2008,2
1140,2,38739,0,1,1,1498,99,14,5,27.3,550000,2016,2
1141,2,55550,0,1,1,1396,89,16,5,22.5,600000,2016,1
1142,1,4000,0,2,1,1197,83,14,5,20.4,480000,2017,11
1143,2,50000,0,2,1,1197,80,14,5,12.4,272950,2010,1
1144,1,48000,0,3,3,1197,82,14,2,19.1,415000,2018,1
1145,1,75000,0,2,1,995,63,13,5,13.0,180000,2013,18
1146,1,79000,1,2,3,1497,117,15,5,18.0,695000,2013,2
1147,2,66000,0,1,1,1248,75,13,5,18.4,125000,2010,13
1148,1,25000,0,2,1,999,75,15,5,18.7,582000,2020,0
1149,1,80000,0,1,3,1498,99,14,5,25.8,350000,2014,2
1150,1,36600,0,1,2,1461,84,16,5,20.5,960000,2017,16
1151,1,2500,0,2,6,796,34,12,8,16.8,325000,2019,11
1152,1,89500,0,2,1,998,67,13,5,19.0,170000,2017,11
1153,1,68000,1,1,3,1995,184,17,5,18.4,1150000,2010,10
1154,1,80000,0,1,4,2499,80,15,5,13.7,285000,2007,18
1155,1,65000,0,1,3,1498,99,15,5,26.0,510000,2014,2
1156,1,41000,0,1,1,1047,69,14,5,27.2,440000,2017,13
1157,1,48000,1,2,3,1798,158,16,5,13.7,400000,2010,21
1158,1,115000,0,1,2,2179,148,16,5,14.0,423200,2013,13
1159,1,15000,0,1,4,1248,89,15,7,20.7,434000,2013,11
1160,1,59000,0,1,4,2393,148,16,7,15.1,1725000,2017,4
1161,2,59000,0,1,4,2393,148,16,7,15.1,1785000,2017,4
1162,2,66000,0,2,3,1586,103,16,5,16.5,280000,2007,11
1163,1,37000,1,2,3,1984,180,16,5,8.0,890000,2010,5
1164,1,31000,1,1,2,2179,154,16,7,14.4,1385000,2018,13
1165,1,20000,1,1,3,1995,184,16,5,9.7,1425000,2012,10
1166,1,29000,0,2,1,1197,81,16,5,18.6,585000,2015,1
1167,1,2850,1,1,3,1950,192,17,5,18.0,5990000,2019,6
1168,2,68210,0,2,1,796,48,12,5,24.7,165000,2012,11
1169,1,60000,1,1,3,1968,177,17,5,16.6,1275000,2012,5
1170,1,69000,0,1,3,1498,99,15,5,26.0,725000,2016,2
1171,1,25500,0,1,2,1956,169,17,5,17.4,1825000,2019,22
1172,1,45153,0,2,5,1197,82,15,5,17.1,600000,2016,1
1173,1,57458,0,2,3,1799,130,15,5,14.8,180000,2007,2
1174,4,86500,0,2,3,1497,78,14,5,12.8,165000,2005,2
1175,1,29900,0,2,1,1196,86,14,5,18.1,272950,2011,8
1176,1,81000,0,2,1,1197,85,14,5,18.5,293550,2010,11
1177,1,135000,0,1,4,2494,100,15,5,12.9,890000,2013,4
1178,2,82000,0,2,1,998,66,13,5,13.8,211000,2011,11
1179,1,75922,1,2,3,1497,117,15,5,18.0,787950,2016,2
1180,1,23302,0,2,5,1199,88,16,5,17.5,818850,2018,2
1181,1,77000,1,1,2,2982,169,17,5,12.5,1370000,2013,4
1182,1,80000,0,1,2,2982,169,17,5,11.9,1175000,2012,4
1183,1,67000,0,1,1,1364,67,14,5,23.5,410970,2013,4
1184,2,61000,0,2,1,998,67,14,5,20.5,275000,2013,11
1185,1,19200,1,2,3,1197,83,14,5,22.0,560000,2015,11
1186,1,35400,0,1,2,2179,140,17,7,16.0,1216000,2017,12
1187,1,30000,0,1,1,1248,74,14,5,28.4,695000,2019,11
1188,1,21000,0,1,1,1368,98,14,5,18.6,575000,2016,1
1189,1,65000,0,1,4,1498,98,15,7,24.5,400000,2014,2
1190,1,35000,1,2,3,1395,170,16,5,18.7,2600000,2017,5
1191,1,48764,0,1,4,2494,100,15,5,12.9,1280000,2013,4
1192,1,90000,1,1,3,2143,170,16,5,19.2,1075000,2012,6
1193,2,75000,1,1,2,4134,335,18,5,12.0,1850000,2011,5
1194,1,98000,1,1,3,1995,190,18,5,18.1,1250000,2012,10
1195,1,69000,1,1,3,1995,184,17,5,18.4,1150000,2011,10
1196,1,30889,1,1,3,2993,271,17,5,13.5,2500000,2014,19
1197,1,2000,0,1,4,1248,89,15,7,20.7,513000,2014,11
1198,1,20000,0,1,4,1248,89,15,7,20.7,716000,2017,11
1199,1,50000,0,2,1,1197,80,13,5,12.8,185000,2009,1
1200,1,60000,0,1,3,1248,74,14,5,26.5,370000,2013,11
1201,1,26000,0,2,3,1497,117,15,5,17.8,525000,2014,2
1202,1,24000,0,2,3,1497,117,15,5,17.8,944000,2019,2
1203,1,63000,0,1,2,2179,140,17,5,14.0,700000,2014,12
1204,1,54000,0,2,1,1197,83,14,5,20.4,280000,2011,11
1205,1,45245,0,1,1,1248,75,14,5,14.8,230000,2011,11
1206,1,46852,0,1,3,1248,74,14,5,26.5,303000,2011,11
1207,1,39803,1,2,3,6749,453,21,5,6.7,27626179,2009,24
1208,1,8100,0,1,5,1498,98,16,5,25.5,857936,2018,2
1209,1,7000,0,1,4,1248,89,15,7,20.7,503000,2014,11
1210,2,92000,1,1,3,1995,190,18,5,18.1,1150000,2011,10
1211,1,37441,1,2,3,1462,103,15,5,21.5,1089442,2018,11
1212,1,38240,1,1,5,2967,250,19,5,18.1,5621005,2014,25
1213,1,35000,1,1,3,2993,262,19,4,14.5,14900000,2018,10
1214,1,42759,1,1,3,2967,241,17,5,14.6,2448926,2012,5
1215,1,64000,1,1,2,1968,174,17,5,12.8,1650000,2013,5
1216,1,70000,0,1,2,1461,108,16,5,19.6,400000,2013,9
1217,1,19857,0,2,3,1198,89,15,5,19.5,612000,2019,2
1218,1,13887,1,1,2,2755,174,18,7,14.2,2700000,2018,4
1219,1,63000,0,2,3,1591,121,16,5,17.4,400000,2014,1
1220,2,35000,1,1,2,2755,174,18,7,14.2,2500000,2017,4
1221,1,45000,0,1,3,1248,74,14,5,26.5,612374,2017,11
1222,1,16999,1,2,1,1197,81,14,5,18.9,535555,2016,1
1223,1,80000,0,1,2,2179,148,16,5,13.0,519405,2013,13
1224,1,820,1,1,2,2143,134,18,5,17.9,3066672,2018,6
1225,1,50000,0,2,1,1197,83,14,5,20.4,268640,2012,11
1226,1,4500,0,2,2,1591,122,16,5,15.2,761000,2016,1
1227,1,25000,1,2,1,1197,83,15,5,21.4,600000,2016,11
1228,1,12500,0,2,3,1498,99,15,5,26.0,1055000,2019,2
1229,1,4000,0,1,2,2179,140,17,7,16.0,986000,2017,12
1230,1,26000,0,1,3,1582,126,16,5,24.8,937000,2018,1
1231,1,66900,0,1,4,2393,148,16,8,15.1,1290000,2018,4
1232,1,37371,0,2,1,1197,81,14,5,20.0,475000,2019,1
1233,1,37000,0,1,3,1186,74,15,5,24.4,510000,2018,1
1234,1,17000,1,2,1,1198,63,14,5,19.3,495000,2018,16
1235,1,1200,0,2,1,1197,82,14,5,22.0,511000,2018,11
1236,1,64000,0,2,3,1798,138,15,5,16.7,325000,2009,4
